River energy extraction potential time series calculation based on percentage of river volume flow;;;@2%;@4%;@6%;@6%;@4%;@2%;;;;;;;@6%;@4%;@2%;@6%;@4%;@2%;@6%;@6%;@6%;@6%;@4%;@4%;@4%;@4%;@2%;@2%;@2%;@2%
Date ;Hour;"Q
(m3/s)";"Qw
(m3/s)";"Qw
(m3/s)";"Qw
(m3/s)";"Max extraction rate base on median of X% 
(m3/s)";"Max extraction rate base on median of X% 
(m3/s)";"Max extraction rate base on median of X% 
(m3/s)";Measured temperature  (°C);Min. withrawal temp (°C) ;"Max. Temp spread 
(K)";Max ?T in mix water (K);"Effective Temp spread
(°C)";"Return Temp
(°C)";"Mixed water temperature 
(°C)";"Mixed water temperature 
(°C)";"Mixed water temperature 
(°C)";"?T in mix water
(K)";"?T in mix water
(K)";"?T in mix water
(K)";"Power
Theoretical  potential (MW)";"Power
Technical potential
(MW)";"Energy
Theoretical  potential (MWh)";"Energy
Technical potential
(MWh)";"Power
Theoretical  potential (MW)";"Power
Technical potential
(MW)";"Energy
Theoretical  potential (MWh)";"Energy
Technical potential
(MWh)";"Power
Theoretical  potential (MW)";"Power
Technical potential
(MW)";"Energy
Theoretical  potential (MWh)";"Energy
Technical potential
(MWh)"
01.01.19;24;20,6;0,4;0,8;1,2;1,23648;0,82432;0,41216;4,6;2;5;1;2,6;2;4,44;4,5;4,55;0,16;0,1;0,05;13,5;13,5;323,7;323,7;9;9;215,8;215,8;4,5;4,5;107,9;107,9
02.01.19;48;18,7;0,4;0,7;1,1;1,1;0,7;0,4;4,6;2;5;1;2,6;2;4,44;4,5;4,55;0,16;0,1;0,05;12,2;12,2;293,2;293,2;8,1;8,1;195,5;195,5;4,1;4,1;97,7;97,7
03.01.19;72;17,7;0,4;0,7;1,1;1,1;0,7;0,4;4,5;2;5;1;2,5;2;4,35;4,4;4,45;0,15;0,1;0,05;11,2;11,2;267,9;267,9;7,4;7,4;178,6;178,6;3,7;3,7;89,3;89,3
04.01.19;96;16,9;0,3;0,7;1;1;0,7;0,3;4,5;2;5;1;2,5;2;4,35;4,4;4,45;0,15;0,1;0,05;10,6;10,6;255,3;255,3;7,1;7,1;170,2;170,2;3,5;3,5;85,1;85,1
05.01.19;120;15,9;0,3;0,6;1;1;0,6;0,3;4,4;2;5;1;2,4;2;4,26;4,3;4,35;0,14;0,1;0,05;9,6;9,6;230,6;230,6;6,4;6,4;153,7;153,7;3,2;3,2;76,9;76,9
06.01.19;144;16,8;0,3;0,7;1;1;0,7;0,3;4,4;2;5;1;2,4;2;4,26;4,3;4,35;0,14;0,1;0,05;10,1;10,1;243,4;243,4;6,8;6,8;162,3;162,3;3,4;3,4;81,1;81,1
07.01.19;168;17,4;0,3;0,7;1;1;0,7;0,3;4,4;2;5;1;2,4;2;4,26;4,3;4,35;0,14;0,1;0,05;10,5;10,5;253;253;7;7;168,6;168,6;3,5;3,5;84,3;84,3
08.01.19;192;16,3;0,3;0,7;1;1;0,7;0,3;4,5;2;5;1;2,5;2;4,35;4,4;4,45;0,15;0,1;0,05;10,2;10,2;245,9;245,9;6,8;6,8;163,9;163,9;3,4;3,4;82;82
09.01.19;216;15,4;0,3;0,6;0,9;0,9;0,6;0,3;4,3;2;5;1;2,3;2;4,16;4,21;4,25;0,14;0,09;0,05;8,9;8,9;214,1;214,1;5,9;5,9;142,7;142,7;3;3;71,4;71,4
10.01.19;240;14,8;0,3;0,6;0,9;0,9;0,6;0,3;3,7;2;5;1;1,7;2;3,6;3,63;3,67;0,1;0,07;0,03;6,4;6,4;152,5;152,5;4,2;4,2;101,6;101,6;2,1;2,1;50,8;50,8
11.01.19;264;13,6;0,3;0,5;0,8;0,8;0,5;0,3;2,9;2;5;1;0,9;2;2,85;2,86;2,88;0,05;0,04;0,02;3,1;3,1;73,7;73,7;2;2;49,2;49,2;1;1;24,6;24,6
12.01.19;288;15;0,3;0,6;0,9;0,9;0,6;0,3;2,6;2;5;1;0,6;2;2,56;2,58;2,59;0,04;0,02;0,01;2,3;2,3;54,4;54,4;1,5;1,5;36,3;36,3;0,8;0,8;18,1;18,1
13.01.19;312;17,8;0,4;0,7;1,1;1,1;0,7;0,4;3,1;2;5;1;1,1;2;3,03;3,06;3,08;0,07;0,04;0,02;4,9;4,9;118,6;118,6;3,3;3,3;79,1;79,1;1,6;1,6;39,5;39,5
14.01.19;336;23,4;0,5;0,9;1,4;1,4;0,9;0,5;3,5;2;5;1;1,5;2;3,41;3,44;3,47;0,09;0,06;0,03;8,9;8,9;212,5;212,5;5,9;5,9;141,6;141,6;3;3;70,8;70,8
15.01.19;360;26,4;0,5;1,1;1,6;1,57854;1,05236;0,52618;3,3;2;5;1;1,3;2;3,22;3,25;3,27;0,08;0,05;0,03;8,6;8,6;207,3;206,7;5,8;5,7;138,2;137,8;2,9;2,9;69,1;68,9
16.01.19;384;22,5;0,4;0,9;1,3;1,3;0,9;0,4;2,9;2;5;1;0,9;2;2,85;2,86;2,88;0,05;0,04;0,02;5,1;5,1;122,3;122,3;3,4;3,4;81,5;81,5;1,7;1,7;40,8;40,8
17.01.19;408;20,7;0,4;0,8;1,2;1,2;0,8;0,4;2,5;2;5;1;0,5;2;2,47;2,48;2,49;0,03;0,02;0,01;2,6;2,6;62,5;62,5;1,7;1,7;41,7;41,7;0,9;0,9;20,8;20,8
18.01.19;432;21,5;0,4;0,9;1,3;1,3;0,9;0,4;2,7;2;5;1;0,7;2;2,66;2,67;2,69;0,04;0,03;0,01;3,8;3,8;90,7;90,7;2,5;2,5;60,5;60,5;1,3;1,3;30,2;30,2
19.01.19;456;20;0,4;0,8;1,2;1,2;0,8;0,4;3;2;5;1;1;2;2,94;2,96;2,98;0,06;0,04;0,02;5;5;121,1;121,1;3,4;3,4;80,7;80,7;1,7;1,7;40,4;40,4
20.01.19;480;20;0,4;0,8;1,2;1,2;0,8;0,4;3,1;2;5;1;1,1;2;3,03;3,06;3,08;0,07;0,04;0,02;5,5;5,5;132,9;132,9;3,7;3,7;88,6;88,6;1,8;1,8;44,3;44,3
21.01.19;504;23,4;0,5;0,9;1,4;1,4;0,9;0,5;3,8;2;5;1;1,8;2;3,69;3,73;3,76;0,11;0,07;0,04;10,6;10,6;255;255;7,1;7,1;170;170;3,5;3,5;85;85
22.01.19;528;52,3;1;2,1;3,1;1,57854;1,05236;0,52618;5;2;5;1;3;2;4,82;4,88;4,94;0,18;0,12;0,06;39,5;19,9;948,4;476,9;26,3;13,2;632,3;317,9;13,2;6,6;316,1;159
23.01.19;552;93,9;1,9;3,8;5,6;1,57854;1,05236;0,52618;5,4;2;5;1;3,4;2;5,2;5,26;5,33;0,2;0,14;0,07;80,4;22,5;1928,8;540,5;53,6;15;1285,9;360,3;26,8;7,5;642,9;180,2
24.01.19;576;69,7;1,4;2,8;4,2;1,57854;1,05236;0,52618;4,9;2;5;1;2,9;2;4,73;4,78;4,84;0,17;0,12;0,06;50,9;19,2;1221,6;461;33,9;12,8;814,4;307,3;17;6,4;407,2;153,7
25.01.19;600;49,4;1;2;3;1,57854;1,05236;0,52618;4,3;2;5;1;2,3;2;4,16;4,21;4,25;0,14;0,09;0,05;28,6;15,2;687,2;365,6;19,1;10,2;458,1;243,7;9,5;5,1;229,1;121,9
26.01.19;624;39;0,8;1,6;2,3;1,57854;1,05236;0,52618;4,2;2;5;1;2,2;2;4,07;4,11;4,16;0,13;0,09;0,04;21,6;14,6;518,2;349,7;14,4;9,7;345,5;233,1;7,2;4,9;172,7;116,6
27.01.19;648;34,3;0,7;1,4;2,1;1,57854;1,05236;0,52618;4;2;5;1;2;2;3,88;3,92;3,96;0,12;0,08;0,04;17,3;13,2;414,1;317,9;11,5;8,8;276,1;212;5,8;4,4;138;106
28.01.19;672;50,6;1;2;3;1,57854;1,05236;0,52618;4,4;2;5;1;2,4;2;4,26;4,3;4,35;0,14;0,1;0,05;30,6;15,9;734,1;381,5;20,4;10,6;489,4;254,3;10,2;5,3;244,7;127,2
29.01.19;696;219,7;4,4;8,8;13,2;1,57854;1,05236;0,52618;5,6;2;5;1;3,6;2;5,38;5,46;5,53;0,22;0,14;0,07;199,1;23,8;4777,8;572,3;132,7;15,9;3185,2;381,5;66,4;7,9;1592,6;190,8
30.01.19;720;250,5;5;10;15;1,57854;1,05236;0,52618;5,7;2;5;1;3,7;2;5,48;5,55;5,63;0,22;0,15;0,07;233,4;24,5;5600,7;588,2;155,6;16,3;3733,8;392,1;77,8;8,2;1866,9;196,1
31.01.19;744;185,1;3,7;7,4;11,1;1,57854;1,05236;0,52618;6,1;2;5;1;4,1;2;5,85;5,94;6,02;0,25;0,16;0,08;191,1;27,2;4586,7;651,8;127,4;18,1;3057,8;434,5;63,7;9,1;1528,9;217,3
01.02.19;768;139,7;2,8;5,6;8,4;1,57854;1,05236;0,52618;6,4;2;5;1;4,4;2;6,14;6,22;6,31;0,26;0,18;0,09;154,7;29,1;3712,8;699,4;103,1;19,4;2475,2;466,3;51,6;9,7;1237,6;233,1
02.02.19;792;138,4;2,8;5,5;8,3;1,57854;1,05236;0,52618;7,1;2;5;1;5;2,1;6,8;6,9;7;0,3;0,2;0,1;174,3;33,1;4182,1;794,8;116,2;22,1;2788,1;529,9;58,1;11;1394;264,9
03.02.19;816;159;3,2;6,4;9,5;1,57854;1,05236;0,52618;7,6;2;5;1;5;2,6;7,3;7,4;7,5;0,3;0,2;0,1;200,1;33,1;4802,9;794,8;133,4;22,1;3201,9;529,9;66,7;11;1601;264,9
04.02.19;840;186,3;3,7;7,5;11,2;1,57854;1,05236;0,52618;7,4;2;5;1;5;2,4;7,1;7,2;7,3;0,3;0,2;0,1;234,5;33,1;5628;794,8;156,3;22,1;3752;529,9;78,2;11;1876;264,9
05.02.19;864;122,9;2,5;4,9;7,4;1,57854;1,05236;0,52618;7,5;2;5;1;5;2,5;7,2;7,3;7,4;0,3;0,2;0,1;154,7;33,1;3712,2;794,8;103,1;22,1;2474,8;529,9;51,6;11;1237,4;264,9
06.02.19;888;98,2;2;3,9;5,9;1,57854;1,05236;0,52618;8;2;5;1;5;3;7,7;7,8;7,9;0,3;0,2;0,1;123,6;33,1;2965,9;794,8;82,4;22,1;1977,3;529,9;41,2;11;988,6;264,9
07.02.19;912;86,4;1,7;3,5;5,2;1,57854;1,05236;0,52618;7,9;2;5;1;5;2,9;7,6;7,7;7,8;0,3;0,2;0,1;108,7;33,1;2608,8;794,8;72,5;22,1;1739,2;529,9;36,2;11;869,6;264,9
08.02.19;936;102,3;2;4,1;6,1;1,57854;1,05236;0,52618;7,4;2;5;1;5;2,4;7,1;7,2;7,3;0,3;0,2;0,1;128,7;33,1;3089,3;794,8;85,8;22,1;2059,5;529,9;42,9;11;1029,8;264,9
09.02.19;960;81,5;1,6;3,3;4,9;1,57854;1,05236;0,52618;6,3;2;5;1;4,3;2;6,04;6,13;6,21;0,26;0,17;0,09;88,3;28,5;2118,2;683,6;58,8;19;1412,1;455,7;29,4;9,5;706,1;227,9
10.02.19;984;68,8;1,4;2,8;4,1;1,57854;1,05236;0,52618;5;2;5;1;3;2;4,82;4,88;4,94;0,18;0,12;0,06;51,9;19,9;1246,7;476,9;34,6;13,2;831,1;317,9;17,3;6,6;415,6;159
11.02.19;1008;58;1,2;2,3;3,5;1,57854;1,05236;0,52618;3,7;2;5;1;1,7;2;3,6;3,63;3,67;0,1;0,07;0,03;24,8;11,3;595,7;270,2;16,5;7,5;397,1;180,2;8,3;3,8;198,6;90,1
12.02.19;1032;49,7;1;2;3;1,57854;1,05236;0,52618;2,6;2;5;1;0,6;2;2,56;2,58;2,59;0,04;0,02;0,01;7,5;4;180,1;95,4;5;2,6;120,1;63,6;2,5;1,3;60;31,8
13.02.19;1056;45,5;0,9;1,8;2,7;1,57854;1,05236;0,52618;1,9;2;5;1;0;1,9;1,9;1,9;1,9;0;0;0;0;0;0;0;0;0;0;0;0;0;0;0
14.02.19;1080;41,4;0,8;1,7;2,5;1,57854;1,05236;0,52618;1,6;2;5;1;0;1,6;1,6;1,6;1,6;0;0;0;0;0;0;0;0;0;0;0;0;0;0;0
15.02.19;1104;39,6;0,8;1,6;2,4;1,57854;1,05236;0,52618;2,1;2;5;1;0,1;2;2,09;2,1;2,1;0,01;0;0;1;0,7;23,9;15,9;0,7;0,4;16;10,6;0,3;0,2;8;5,3
16.02.19;1128;41,9;0,8;1,7;2,5;1,57854;1,05236;0,52618;3,5;2;5;1;1,5;2;3,41;3,44;3,47;0,09;0,06;0,03;15,8;9,9;380;238,4;10,6;6,6;253,3;159;5,3;3,3;126,7;79,5
17.02.19;1152;49,8;1;2;3;1,57854;1,05236;0,52618;5;2;5;1;3;2;4,82;4,88;4,94;0,18;0,12;0,06;37,6;19,9;902;476,9;25,1;13,2;601,4;317,9;12,5;6,6;300,7;159
18.02.19;1176;50,4;1;2;3;1,57854;1,05236;0,52618;5,6;2;5;1;3,6;2;5,38;5,46;5,53;0,22;0,14;0,07;45,6;23,8;1095,3;572,3;30,4;15,9;730,2;381,5;15,2;7,9;365,1;190,8
19.02.19;1200;46,3;0,9;1,9;2,8;1,57854;1,05236;0,52618;6,4;2;5;1;4,4;2;6,14;6,22;6,31;0,26;0,18;0,09;51,3;29,1;1230,2;699,4;34,2;19,4;820,1;466,3;17,1;9,7;410,1;233,1
20.02.19;1224;43,9;0,9;1,8;2,6;1,57854;1,05236;0,52618;6,9;2;5;1;4,9;2;6,61;6,7;6,8;0,29;0,2;0,1;54,2;32,5;1299,7;778,9;36,1;21,6;866,5;519,3;18,1;10,8;433,2;259,6
21.02.19;1248;40,9;0,8;1,6;2,5;1,57854;1,05236;0,52618;7,1;2;5;1;5;2,1;6,8;6,9;7;0,3;0,2;0,1;51,5;33,1;1235,5;794,8;34,3;22,1;823,7;529,9;17,2;11;411,8;264,9
22.02.19;1272;37,8;0,8;1,5;2,3;1,57854;1,05236;0,52618;7,1;2;5;1;5;2,1;6,8;6,9;7;0,3;0,2;0,1;47,5;33,1;1140,5;794,8;31,7;22,1;760,3;529,9;15,8;11;380,2;264,9
23.02.19;1296;34,6;0,7;1,4;2,1;1,57854;1,05236;0,52618;7,2;2;5;1;5;2,2;6,9;7;7,1;0,3;0,2;0,1;43,5;33,1;1043,9;794,8;29;22,1;696;529,9;14,5;11;348;264,9
24.02.19;1320;32,4;0,6;1,3;1,9;1,57854;1,05236;0,52618;7,6;2;5;1;5;2,6;7,3;7,4;7,5;0,3;0,2;0,1;40,8;33,1;978,1;794,8;27,2;22,1;652,1;529,9;13,6;11;326;264,9
25.02.19;1344;31,2;0,6;1,2;1,9;1,57854;1,05236;0,52618;7,9;2;5;1;5;2,9;7,6;7,7;7,8;0,3;0,2;0,1;39,3;33,1;942,5;794,8;26,2;22,1;628,3;529,9;13,1;11;314,2;264,9
26.02.19;1368;30,6;0,6;1,2;1,8;1,57854;1,05236;0,52618;8,1;2;5;1;5;3,1;7,8;7,9;8;0,3;0,2;0,1;38,5;33,1;923,1;794,8;25,6;22,1;615,4;529,9;12,8;11;307,7;264,9
27.02.19;1392;29,4;0,6;1,2;1,8;1,57854;1,05236;0,52618;8,1;2;5;1;5;3,1;7,8;7,9;8;0,3;0,2;0,1;37,1;33,1;889,4;794,8;24,7;22,1;592,9;529,9;12,4;11;296,5;264,9
28.02.19;1416;28;0,6;1,1;1,7;1,57854;1,05236;0,52618;7,5;2;5;1;5;2,5;7,2;7,3;7,4;0,3;0,2;0,1;35,3;33,1;846,1;794,8;23,5;22,1;564,1;529,9;11,8;11;282;264,9
01.03.19;1440;27,2;0,5;1,1;1,6;1,57854;1,05236;0,52618;7,1;2;5;1;5;2,1;6,8;6,9;7;0,3;0,2;0,1;34,2;33,1;821,2;794,8;22,8;22,1;547,5;529,9;11,4;11;273,7;264,9
02.03.19;1464;26,8;0,5;1,1;1,6;1,57854;1,05236;0,52618;7;2;5;1;5;2;6,7;6,8;6,9;0,3;0,2;0,1;33,7;33,1;809,5;794,8;22,5;22,1;539,7;529,9;11,2;11;269,8;264,9
03.03.19;1488;25,8;0,5;1;1,5;1,5;1;0,5;6,9;2;5;1;4,9;2;6,61;6,7;6,8;0,29;0,2;0,1;31,8;31,8;762,7;762,7;21,2;21,2;508,5;508,5;10,6;10,6;254,2;254,2
04.03.19;1512;25;0,5;1;1,5;1,5;1;0,5;7,3;2;5;1;5;2,3;7;7,1;7,2;0,3;0,2;0,1;31,5;31,5;756,1;756,1;21;21;504,1;504,1;10,5;10,5;252;252
05.03.19;1536;26,9;0,5;1,1;1,6;1,57854;1,05236;0,52618;7,6;2;5;1;5;2,6;7,3;7,4;7,5;0,3;0,2;0,1;33,9;33,1;813,1;794,8;22,6;22,1;542,1;529,9;11,3;11;271;264,9
06.03.19;1560;25,1;0,5;1;1,5;1,5;1;0,5;6,9;2;5;1;4,9;2;6,61;6,7;6,8;0,29;0,2;0,1;31;31;744,2;744,2;20,7;20,7;496,1;496,1;10,3;10,3;248,1;248,1
07.03.19;1584;24;0,5;1;1,4;1,4;1;0,5;6,3;2;5;1;4,3;2;6,04;6,13;6,21;0,26;0,17;0,09;26;26;623,4;623,4;17,3;17,3;415,6;415,6;8,7;8,7;207,8;207,8
08.03.19;1608;23,5;0,5;0,9;1,4;1,4;0,9;0,5;6,4;2;5;1;4,4;2;6,14;6,22;6,31;0,26;0,18;0,09;26;26;623,6;623,6;17,3;17,3;415,7;415,7;8,7;8,7;207,9;207,9
09.03.19;1632;22,8;0,5;0,9;1,4;1,4;0,9;0,5;6,1;2;5;1;4,1;2;5,85;5,94;6,02;0,25;0,16;0,08;23,5;23,5;564,8;564,8;15,7;15,7;376,6;376,6;7,8;7,8;188,3;188,3
10.03.19;1656;22,5;0,4;0,9;1,3;1,3;0,9;0,4;6,4;2;5;1;4,4;2;6,14;6,22;6,31;0,26;0,18;0,09;24,9;24,9;597,3;597,3;16,6;16,6;398,2;398,2;8,3;8,3;199,1;199,1
11.03.19;1680;22,5;0,4;0,9;1,3;1,3;0,9;0,4;7,1;2;5;1;5;2,1;6,8;6,9;7;0,3;0,2;0,1;28,3;28,3;679,4;679,4;18,9;18,9;452,9;452,9;9,4;9,4;226,5;226,5
12.03.19;1704;35,2;0,7;1,4;2,1;1,57854;1,05236;0,52618;7,7;2;5;1;5;2,7;7,4;7,5;7,6;0,3;0,2;0,1;44,3;33,1;1064,2;794,8;29,6;22,1;709,5;529,9;14,8;11;354,7;264,9
13.03.19;1728;33,4;0,7;1,3;2;1,57854;1,05236;0,52618;7,6;2;5;1;5;2,6;7,3;7,4;7,5;0,3;0,2;0,1;42,1;33,1;1009,4;794,8;28;22,1;672,9;529,9;14;11;336,5;264,9
14.03.19;1752;48,2;1;1,9;2,9;1,57854;1,05236;0,52618;7,4;2;5;1;5;2,4;7,1;7,2;7,3;0,3;0,2;0,1;60,7;33,1;1456,7;794,8;40,5;22,1;971,1;529,9;20,2;11;485,6;264,9
15.03.19;1776;59,2;1,2;2,4;3,6;1,57854;1,05236;0,52618;6,8;2;5;1;4,8;2;6,51;6,61;6,7;0,29;0,19;0,1;71,5;31,8;1717;763;47,7;21,2;1144,7;508,7;23,8;10,6;572,3;254,3
16.03.19;1800;70,1;1,4;2,8;4,2;1,57854;1,05236;0,52618;6,6;2;5;1;4,6;2;6,32;6,42;6,51;0,28;0,18;0,09;81,2;30,5;1948,9;731,2;54,1;20,3;1299,3;487,5;27,1;10,2;649,6;243,7
17.03.19;1824;57,2;1,1;2,3;3,4;1,57854;1,05236;0,52618;6,6;2;5;1;4,6;2;6,32;6,42;6,51;0,28;0,18;0,09;66,3;30,5;1590,9;731,2;44,2;20,3;1060,6;487,5;22,1;10,2;530,3;243,7
18.03.19;1848;54,2;1,1;2,2;3,3;1,57854;1,05236;0,52618;6,5;2;5;1;4,5;2;6,23;6,32;6,41;0,27;0,18;0,09;61,4;29,8;1473;715,3;40,9;19,9;982;476,9;20,5;9,9;491;238,4
19.03.19;1872;48;1;1,9;2,9;1,57854;1,05236;0,52618;6,3;2;5;1;4,3;2;6,04;6,13;6,21;0,26;0,17;0,09;52;28,5;1248,2;683,6;34,7;19;832,1;455,7;17,3;9,5;416,1;227,9
20.03.19;1896;43,8;0,9;1,8;2,6;1,57854;1,05236;0,52618;6;2;5;1;4;2;5,76;5,84;5,92;0,24;0,16;0,08;44,1;26,5;1058,6;635,9;29,4;17,7;705,7;423,9;14,7;8,8;352,9;212
21.03.19;1920;39,1;0,8;1,6;2,3;1,57854;1,05236;0,52618;5,9;2;5;1;3,9;2;5,67;5,74;5,82;0,23;0,16;0,08;38,4;25,8;922,3;620;25,6;17,2;614,9;413,3;12,8;8,6;307,4;206,7
22.03.19;1944;36,5;0,7;1,5;2,2;1,57854;1,05236;0,52618;5,9;2;5;1;3,9;2;5,67;5,74;5,82;0,23;0,16;0,08;35,9;25,8;860,6;620;23,9;17,2;573,7;413,3;12;8,6;286,9;206,7
23.03.19;1968;34,3;0,7;1,4;2,1;1,57854;1,05236;0,52618;6,3;2;5;1;4,3;2;6,04;6,13;6,21;0,26;0,17;0,09;37,2;28,5;891,7;683,6;24,8;19;594,5;455,7;12,4;9,5;297,2;227,9
24.03.19;1992;31,9;0,6;1,3;1,9;1,57854;1,05236;0,52618;6,6;2;5;1;4,6;2;6,32;6,42;6,51;0,28;0,18;0,09;37;30,5;887,3;731,2;24,6;20,3;591,6;487,5;12,3;10,2;295,8;243,7
25.03.19;2016;31,4;0,6;1,3;1,9;1,57854;1,05236;0,52618;7,5;2;5;1;5;2,5;7,2;7,3;7,4;0,3;0,2;0,1;39,5;33,1;948,5;794,8;26,3;22,1;632,3;529,9;13,2;11;316,2;264,9
26.03.19;2040;30,6;0,6;1,2;1,8;1,57854;1,05236;0,52618;8,5;2;5;1;5;3,5;8,2;8,3;8,4;0,3;0,2;0,1;38,5;33,1;924;794,8;25,7;22,1;616;529,9;12,8;11;308;264,9
27.03.19;2064;34,7;0,7;1,4;2,1;1,57854;1,05236;0,52618;9,4;2;5;1;5;4,4;9,1;9,2;9,3;0,3;0,2;0,1;43,7;33,1;1047,8;794,8;29,1;22,1;698,5;529,9;14,6;11;349,3;264,9
28.03.19;2088;32,9;0,7;1,3;2;1,57854;1,05236;0,52618;9,5;2;5;1;5;4,5;9,2;9,3;9,4;0,3;0,2;0,1;41,4;33,1;993,3;794,8;27,6;22,1;662,2;529,9;13,8;11;331,1;264,9
29.03.19;2112;29,8;0,6;1,2;1,8;1,57854;1,05236;0,52618;9,8;2;5;1;5;4,8;9,5;9,6;9,7;0,3;0,2;0,1;37,5;33,1;900,5;794,8;25;22,1;600,3;529,9;12,5;11;300,2;264,9
30.03.19;2136;28,2;0,6;1,1;1,7;1,57854;1,05236;0,52618;10,1;2;5;1;5;5,1;9,8;9,9;10;0,3;0,2;0,1;35,5;33,1;852,9;794,8;23,7;22,1;568,6;529,9;11,8;11;284,3;264,9
31.03.19;2160;27,4;0,5;1,1;1,6;1,57854;1,05236;0,52618;10,8;2;5;1;5;5,8;10,5;10,6;10,7;0,3;0,2;0,1;34,5;33,1;827;794,8;23;22,1;551,3;529,9;11,5;11;275,7;264,9
01.04.19;2184;26,6;0,5;1,1;1,6;1,57854;1,05236;0,52618;11,5;2;5;1;5;6,5;11,2;11,3;11,4;0,3;0,2;0,1;33,4;33,1;802,5;794,8;22,3;22,1;535;529,9;11,1;11;267,5;264,9
02.04.19;2208;25,8;0,5;1;1,5;1,5;1;0,5;11,8;2;5;1;5;6,8;11,5;11,6;11,7;0,3;0,2;0,1;32,5;32,5;779,6;779,6;21,7;21,7;519,7;519,7;10,8;10,8;259,9;259,9
03.04.19;2232;25;0,5;1;1,5;1,5;1;0,5;11,3;2;5;1;5;6,3;11;11,1;11,2;0,3;0,2;0,1;31,4;31,4;754,5;754,5;21;21;503;503;10,5;10,5;251,5;251,5
04.04.19;2256;24,4;0,5;1;1,5;1,5;1;0,5;10,7;2;5;1;5;5,7;10,4;10,5;10,6;0,3;0,2;0,1;30,7;30,7;737,6;737,6;20,5;20,5;491,7;491,7;10,2;10,2;245,9;245,9
05.04.19;2280;24,2;0,5;1;1,5;1,5;1;0,5;10;2;5;1;5;5;9,7;9,8;9,9;0,3;0,2;0,1;30,4;30,4;730,6;730,6;20,3;20,3;487;487;10,1;10,1;243,5;243,5
06.04.19;2304;25,8;0,5;1;1,5;1,5;1;0,5;8,5;2;5;1;5;3,5;8,2;8,3;8,4;0,3;0,2;0,1;32,5;32,5;780,2;780,2;21,7;21,7;520,2;520,2;10,8;10,8;260,1;260,1
07.04.19;2328;25;0,5;1;1,5;1,5;1;0,5;7,6;2;5;1;5;2,6;7,3;7,4;7,5;0,3;0,2;0,1;31,5;31,5;755;755;21;21;503,3;503,3;10,5;10,5;251,7;251,7
08.04.19;2352;23,9;0,5;1;1,4;1,4;1;0,5;7,2;2;5;1;5;2,2;6,9;7;7,1;0,3;0,2;0,1;30,1;30,1;723,4;723,4;20,1;20,1;482,3;482,3;10;10;241,1;241,1
09.04.19;2376;22,8;0,5;0,9;1,4;1,4;0,9;0,5;7,5;2;5;1;5;2,5;7,2;7,3;7,4;0,3;0,2;0,1;28,7;28,7;689,9;689,9;19,2;19,2;460;460;9,6;9,6;230;230
10.04.19;2400;22,1;0,4;0,9;1,3;1,3;0,9;0,4;8,4;2;5;1;5;3,4;8,1;8,2;8,3;0,3;0,2;0,1;27,9;27,9;669,1;669,1;18,6;18,6;446,1;446,1;9,3;9,3;223;223
11.04.19;2424;21,5;0,4;0,9;1,3;1,3;0,9;0,4;9,7;2;5;1;5;4,7;9,4;9,5;9,6;0,3;0,2;0,1;27,1;27,1;650,5;650,5;18,1;18,1;433,7;433,7;9;9;216,8;216,8
12.04.19;2448;33,7;0,7;1,3;2;1,57854;1,05236;0,52618;10;2;5;1;5;5;9,7;9,8;9,9;0,3;0,2;0,1;42,5;33,1;1019,2;794,8;28,3;22,1;679,4;529,9;14,2;11;339,7;264,9
13.04.19;2472;31,2;0,6;1,2;1,9;1,57854;1,05236;0,52618;9,4;2;5;1;5;4,4;9,1;9,2;9,3;0,3;0,2;0,1;39,2;33,1;941,7;794,8;26,2;22,1;627,8;529,9;13,1;11;313,9;264,9
14.04.19;2496;26,1;0,5;1;1,6;1,6;1;0,5;8,7;2;5;1;5;3,7;8,4;8,5;8,6;0,3;0,2;0,1;32,9;32,9;789,1;789,1;21,9;21,9;526,1;526,1;11;11;263;263
15.04.19;2520;24,7;0,5;1;1,5;1,5;1;0,5;8,2;2;5;1;5;3,2;7,9;8;8,1;0,3;0,2;0,1;31,1;31,1;746,6;746,6;20,7;20,7;497,8;497,8;10,4;10,4;248,9;248,9
16.04.19;2544;23,9;0,5;1;1,4;1,4;1;0,5;7,9;2;5;1;5;2,9;7,6;7,7;7,8;0,3;0,2;0,1;30,1;30,1;722,9;722,9;20,1;20,1;481,9;481,9;10;10;241;241
17.04.19;2568;22,7;0,5;0,9;1,4;1,4;0,9;0,5;7,8;2;5;1;5;2,8;7,5;7,6;7,7;0,3;0,2;0,1;28,6;28,6;686,2;686,2;19,1;19,1;457,5;457,5;9,5;9,5;228,7;228,7
18.04.19;2592;22,9;0,5;0,9;1,4;1,4;0,9;0,5;8,1;2;5;1;5;3,1;7,8;7,9;8;0,3;0,2;0,1;28,8;28,8;692,3;692,3;19,2;19,2;461,5;461,5;9,6;9,6;230,8;230,8
19.04.19;2616;22,6;0,5;0,9;1,4;1,4;0,9;0,5;8,4;2;5;1;5;3,4;8,1;8,2;8,3;0,3;0,2;0,1;28,4;28,4;682,2;682,2;18,9;18,9;454,8;454,8;9,5;9,5;227,4;227,4
20.04.19;2640;21,9;0,4;0,9;1,3;1,3;0,9;0,4;8,8;2;5;1;5;3,8;8,5;8,6;8,7;0,3;0,2;0,1;27,6;27,6;662,2;662,2;18,4;18,4;441,4;441,4;9,2;9,2;220,7;220,7
21.04.19;2664;20,5;0,4;0,8;1,2;1,2;0,8;0,4;10,1;2;5;1;5;5,1;9,8;9,9;10;0,3;0,2;0,1;25,9;25,9;620,5;620,5;17,2;17,2;413,7;413,7;8,6;8,6;206,8;206,8
22.04.19;2688;20,5;0,4;0,8;1,2;1,2;0,8;0,4;10,9;2;5;1;5;5,9;10,6;10,7;10,8;0,3;0,2;0,1;25,8;25,8;618,7;618,7;17,2;17,2;412,4;412,4;8,6;8,6;206,2;206,2
23.04.19;2712;19,2;0,4;0,8;1,1;1,1;0,8;0,4;11,2;2;5;1;5;6,2;10,9;11;11,1;0,3;0,2;0,1;24,1;24,1;578,8;578,8;16,1;16,1;385,9;385,9;8;8;192,9;192,9
24.04.19;2736;18,9;0,4;0,8;1,1;1,1;0,8;0,4;11,9;2;5;1;5;6,9;11,6;11,7;11,8;0,3;0,2;0,1;23,7;23,7;569,8;569,8;15,8;15,8;379,8;379,8;7,9;7,9;189,9;189,9
25.04.19;2760;18,6;0,4;0,7;1,1;1,1;0,7;0,4;12,6;2;5;1;5;7,6;12,3;12,4;12,5;0,3;0,2;0,1;23,4;23,4;561,4;561,4;15,6;15,6;374,2;374,2;7,8;7,8;187,1;187,1
26.04.19;2784;18,3;0,4;0,7;1,1;1,1;0,7;0,4;12,8;2;5;1;5;7,8;12,5;12,6;12,7;0,3;0,2;0,1;23,1;23,1;553,4;553,4;15,4;15,4;369;369;7,7;7,7;184,5;184,5
27.04.19;2808;18,1;0,4;0,7;1,1;1,1;0,7;0,4;13;2;5;1;5;8;12,7;12,8;12,9;0,3;0,2;0,1;22,8;22,8;547,5;547,5;15,2;15,2;365;365;7,6;7,6;182,5;182,5
28.04.19;2832;18,1;0,4;0,7;1,1;1,1;0,7;0,4;13,3;2;5;1;5;8,3;13;13,1;13,2;0,3;0,2;0,1;22,8;22,8;546,1;546,1;15,2;15,2;364,1;364,1;7,6;7,6;182;182
29.04.19;2856;19,3;0,4;0,8;1,2;1,2;0,8;0,4;14;2;5;1;5;9;13,7;13,8;13,9;0,3;0,2;0,1;24,3;24,3;582,2;582,2;16,2;16,2;388,1;388,1;8,1;8,1;194,1;194,1
30.04.19;2880;21,7;0,4;0,9;1,3;1,3;0,9;0,4;13,3;2;5;1;5;8,3;13;13,1;13,2;0,3;0,2;0,1;27,3;27,3;654,8;654,8;18,2;18,2;436,5;436,5;9,1;9,1;218,3;218,3
01.05.19;2904;30,8;0,6;1,2;1,8;1,57854;1,05236;0,52618;11,9;2;5;1;5;6,9;11,6;11,7;11,8;0,3;0,2;0,1;38,7;33,1;929,6;794,8;25,8;22,1;619,8;529,9;12,9;11;309,9;264,9
02.05.19;2928;52,5;1,1;2,1;3,2;1,57854;1,05236;0,52618;11;2;5;1;5;6;10,7;10,8;10,9;0,3;0,2;0,1;66,1;33,1;1587,1;794,8;44,1;22,1;1058,1;529,9;22;11;529;264,9
03.05.19;2952;42,9;0,9;1,7;2,6;1,57854;1,05236;0,52618;10,1;2;5;1;5;5,1;9,8;9,9;10;0,3;0,2;0,1;54;33,1;1295,1;794,8;36;22,1;863,4;529,9;18;11;431,7;264,9
04.05.19;2976;31,9;0,6;1,3;1,9;1,57854;1,05236;0,52618;10,3;2;5;1;5;5,3;10;10,1;10,2;0,3;0,2;0,1;40,1;33,1;962,5;794,8;26,7;22,1;641,7;529,9;13,4;11;320,8;264,9
05.05.19;3000;43,6;0,9;1,7;2,6;1,57854;1,05236;0,52618;10,9;2;5;1;5;5,9;10,6;10,7;10,8;0,3;0,2;0,1;54,9;33,1;1317,8;794,8;36,6;22,1;878,5;529,9;18,3;11;439,3;264,9
06.05.19;3024;46,3;0,9;1,9;2,8;1,57854;1,05236;0,52618;10,5;2;5;1;5;5,5;10,2;10,3;10,4;0,3;0,2;0,1;58,3;33,1;1399;794,8;38,9;22,1;932,7;529,9;19,4;11;466,3;264,9
07.05.19;3048;109,7;2,2;4,4;6,6;1,57854;1,05236;0,52618;9,9;2;5;1;5;4,9;9,6;9,7;9,8;0,3;0,2;0,1;138;33,1;3313;794,8;92;22,1;2208,7;529,9;46;11;1104,3;264,9
08.05.19;3072;91,7;1,8;3,7;5,5;1,57854;1,05236;0,52618;9,6;2;5;1;5;4,6;9,3;9,4;9,5;0,3;0,2;0,1;115,4;33,1;2770,7;794,8;77;22,1;1847,1;529,9;38,5;11;923,6;264,9
09.05.19;3096;58,3;1,2;2,3;3,5;1,57854;1,05236;0,52618;11;2;5;1;5;6;10,7;10,8;10,9;0,3;0,2;0,1;73,4;33,1;1762,3;794,8;49;22,1;1174,9;529,9;24,5;11;587,4;264,9
10.05.19;3120;46,4;0,9;1,9;2,8;1,57854;1,05236;0,52618;12,7;2;5;1;5;7,7;12,4;12,5;12,6;0,3;0,2;0,1;58,4;33,1;1401;794,8;38,9;22,1;934;529,9;19,5;11;467;264,9
11.05.19;3144;47;0,9;1,9;2,8;1,57854;1,05236;0,52618;12,9;2;5;1;5;7,9;12,6;12,7;12,8;0,3;0,2;0,1;59,1;33,1;1419,1;794,8;39,4;22,1;946;529,9;19,7;11;473;264,9
12.05.19;3168;71,9;1,4;2,9;4,3;1,57854;1,05236;0,52618;12,3;2;5;1;5;7,3;12;12,1;12,2;0,3;0,2;0,1;90,5;33,1;2171;794,8;60,3;22,1;1447,4;529,9;30,2;11;723,7;264,9
13.05.19;3192;52,5;1;2,1;3,1;1,57854;1,05236;0,52618;11,9;2;5;1;5;6,9;11,6;11,7;11,8;0,3;0,2;0,1;66;33,1;1584,6;794,8;44;22,1;1056,4;529,9;22;11;528,2;264,9
14.05.19;3216;44,3;0,9;1,8;2,7;1,57854;1,05236;0,52618;12,1;2;5;1;5;7,1;11,8;11,9;12;0,3;0,2;0,1;55,8;33,1;1339,6;794,8;37,2;22,1;893,1;529,9;18,6;11;446,5;264,9
15.05.19;3240;39,8;0,8;1,6;2,4;1,57854;1,05236;0,52618;12,3;2;5;1;5;7,3;12;12,1;12,2;0,3;0,2;0,1;50,1;33,1;1203,1;794,8;33,4;22,1;802,1;529,9;16,7;11;401;264,9
16.05.19;3264;36,6;0,7;1,5;2,2;1,57854;1,05236;0,52618;12,3;2;5;1;5;7,3;12;12,1;12,2;0,3;0,2;0,1;46,1;33,1;1105,2;794,8;30,7;22,1;736,8;529,9;15,4;11;368,4;264,9
17.05.19;3288;35,4;0,7;1,4;2,1;1,57854;1,05236;0,52618;12,6;2;5;1;5;7,6;12,3;12,4;12,5;0,3;0,2;0,1;44,6;33,1;1070,5;794,8;29,7;22,1;713,7;529,9;14,9;11;356,8;264,9
18.05.19;3312;39,2;0,8;1,6;2,4;1,57854;1,05236;0,52618;12,6;2;5;1;5;7,6;12,3;12,4;12,5;0,3;0,2;0,1;49,3;33,1;1183,6;794,8;32,9;22,1;789;529,9;16,4;11;394,5;264,9
19.05.19;3336;43;0,9;1,7;2,6;1,57854;1,05236;0,52618;12,7;2;5;1;5;7,7;12,4;12,5;12,6;0,3;0,2;0,1;54,2;33,1;1299,8;794,8;36,1;22,1;866,6;529,9;18,1;11;433,3;264,9
20.05.19;3360;37,4;0,7;1,5;2,2;1,57854;1,05236;0,52618;12,7;2;5;1;5;7,7;12,4;12,5;12,6;0,3;0,2;0,1;47,1;33,1;1130,9;794,8;31,4;22,1;754;529,9;15,7;11;377;264,9
21.05.19;3384;33,2;0,7;1,3;2;1,57854;1,05236;0,52618;12,6;2;5;1;5;7,6;12,3;12,4;12,5;0,3;0,2;0,1;41,8;33,1;1003,9;794,8;27,9;22,1;669,2;529,9;13,9;11;334,6;264,9
22.05.19;3408;33,3;0,7;1,3;2;1,57854;1,05236;0,52618;12,6;2;5;1;5;7,6;12,3;12,4;12,5;0,3;0,2;0,1;41,9;33,1;1005,8;794,8;27,9;22,1;670,5;529,9;14;11;335,3;264,9
23.05.19;3432;33,3;0,7;1,3;2;1,57854;1,05236;0,52618;13,2;2;5;1;5;8,2;12,9;13;13,1;0,3;0,2;0,1;41,9;33,1;1006,8;794,8;28;22,1;671,2;529,9;14;11;335,6;264,9
24.05.19;3456;30,2;0,6;1,2;1,8;1,57854;1,05236;0,52618;13,1;2;5;1;5;8,1;12,8;12,9;13;0,3;0,2;0,1;38;33,1;912,3;794,8;25,3;22,1;608,2;529,9;12,7;11;304,1;264,9
25.05.19;3480;30;0,6;1,2;1,8;1,57854;1,05236;0,52618;12,8;2;5;1;5;7,8;12,5;12,6;12,7;0,3;0,2;0,1;37,8;33,1;906;794,8;25,2;22,1;604;529,9;12,6;11;302;264,9
26.05.19;3504;29;0,6;1,2;1,7;1,57854;1,05236;0,52618;12,5;2;5;1;5;7,5;12,2;12,3;12,4;0,3;0,2;0,1;36,5;33,1;877,1;794,8;24,4;22,1;584,7;529,9;12,2;11;292,4;264,9
27.05.19;3528;35,1;0,7;1,4;2,1;1,57854;1,05236;0,52618;12,3;2;5;1;5;7,3;12;12,1;12,2;0,3;0,2;0,1;44,2;33,1;1061,8;794,8;29,5;22,1;707,9;529,9;14,7;11;353,9;264,9
28.05.19;3552;32,1;0,6;1,3;1,9;1,57854;1,05236;0,52618;13,1;2;5;1;5;8,1;12,8;12,9;13;0,3;0,2;0,1;40,4;33,1;969,1;794,8;26,9;22,1;646,1;529,9;13,5;11;323;264,9
29.05.19;3576;27,2;0,5;1,1;1,6;1,57854;1,05236;0,52618;13,8;2;5;1;5;8,8;13,5;13,6;13,7;0,3;0,2;0,1;34,3;33,1;822,9;794,8;22,9;22,1;548,6;529,9;11,4;11;274,3;264,9
30.05.19;3600;25,1;0,5;1;1,5;1,5;1;0,5;14,3;2;5;1;5;9,3;14;14,1;14,2;0,3;0,2;0,1;31,6;31,6;757,7;757,7;21;21;505,1;505,1;10,5;10,5;252,6;252,6
31.05.19;3624;23,7;0,5;0,9;1,4;1,4;0,9;0,5;15;2;5;1;5;10;14,7;14,8;14,9;0,3;0,2;0,1;29,8;29,8;715,5;715,5;19,9;19,9;477;477;9,9;9,9;238,5;238,5
01.06.19;3648;22,7;0,5;0,9;1,4;1,4;0,9;0,5;15,8;2;5;1;5;10,8;15,5;15,6;15,7;0,3;0,2;0,1;28,6;28,6;685,9;685,9;19,1;19,1;457,2;457,2;9,5;9,5;228,6;228,6
02.06.19;3672;21,5;0,4;0,9;1,3;1,3;0,9;0,4;16,4;2;5;1;5;11,4;16,1;16,2;16,3;0,3;0,2;0,1;27,1;27,1;650,9;650,9;18,1;18,1;433,9;433,9;9;9;217;217
03.06.19;3696;21,8;0,4;0,9;1,3;1,3;0,9;0,4;17,2;2;5;1;5;12,2;16,9;17;17,1;0,3;0,2;0,1;27,5;27,5;660;660;18,3;18,3;440;440;9,2;9,2;220;220
04.06.19;3720;23,3;0,5;0,9;1,4;1,4;0,9;0,5;17,6;2;5;1;5;12,6;17,3;17,4;17,5;0,3;0,2;0,1;29,3;29,3;703;703;19,5;19,5;468,6;468,6;9,8;9,8;234,3;234,3
05.06.19;3744;22,4;0,4;0,9;1,3;1,3;0,9;0,4;17,7;2;5;1;5;12,7;17,4;17,5;17,6;0,3;0,2;0,1;28,2;28,2;676,5;676,5;18,8;18,8;451;451;9,4;9,4;225,5;225,5
06.06.19;3768;26,3;0,5;1,1;1,6;1,6;1,1;0,5;17,2;2;5;1;5;12,2;16,9;17;17,1;0,3;0,2;0,1;33,1;33,1;794,8;794,8;22,1;22,1;529,9;529,9;11;11;264,9;264,9
07.06.19;3792;27,6;0,6;1,1;1,7;1,57854;1,05236;0,52618;16,6;2;5;1;5;11,6;16,3;16,4;16,5;0,3;0,2;0,1;34,8;33,1;834,3;794,8;23,2;22,1;556,2;529,9;11,6;11;278,1;264,9
08.06.19;3816;40,2;0,8;1,6;2,4;1,57854;1,05236;0,52618;16,3;2;5;1;5;11,3;16;16,1;16,2;0,3;0,2;0,1;50,6;33,1;1215,2;794,8;33,8;22,1;810,2;529,9;16,9;11;405,1;264,9
09.06.19;3840;40,4;0,8;1,6;2,4;1,57854;1,05236;0,52618;16,4;2;5;1;5;11,4;16,1;16,2;16,3;0,3;0,2;0,1;50,9;33,1;1221,3;794,8;33,9;22,1;814,2;529,9;17;11;407,1;264,9
10.06.19;3864;36,1;0,7;1,4;2,2;1,57854;1,05236;0,52618;16,8;2;5;1;5;11,8;16,5;16,6;16,7;0,3;0,2;0,1;45,4;33,1;1089,9;794,8;30,3;22,1;726,6;529,9;15,1;11;363,3;264,9
11.06.19;3888;40,5;0,8;1,6;2,4;1,57854;1,05236;0,52618;17,5;2;5;1;5;12,5;17,2;17,3;17,4;0,3;0,2;0,1;51;33,1;1222,9;794,8;34;22,1;815,2;529,9;17;11;407,6;264,9
12.06.19;3912;28,6;0,6;1,1;1,7;1,57854;1,05236;0,52618;18,1;2;5;1;5;13,1;17,8;17,9;18;0,3;0,2;0,1;36;33,1;863,8;794,8;24;22,1;575,9;529,9;12;11;287,9;264,9
13.06.19;3936;23,9;0,5;1;1,4;1,4;1;0,5;18,5;2;5;1;5;13,5;18,2;18,3;18,4;0,3;0,2;0,1;30,1;30,1;723,2;723,2;20,1;20,1;482,1;482,1;10;10;241,1;241,1
14.06.19;3960;22,2;0,4;0,9;1,3;1,3;0,9;0,4;18,9;2;5;1;5;13,9;18,6;18,7;18,8;0,3;0,2;0,1;28;28;671,3;671,3;18,6;18,6;447,5;447,5;9,3;9,3;223,8;223,8
15.06.19;3984;20,4;0,4;0,8;1,2;1,2;0,8;0,4;19,3;2;5;1;5;14,3;19;19,1;19,2;0,3;0,2;0,1;25,6;25,6;615,4;615,4;17,1;17,1;410,3;410,3;8,5;8,5;205,1;205,1
16.06.19;4008;18,5;0,4;0,7;1,1;1,1;0,7;0,4;20;2;5;1;5;15;19,7;19,8;19,9;0,3;0,2;0,1;23,3;23,3;560;560;15,6;15,6;373,3;373,3;7,8;7,8;186,7;186,7
17.06.19;4032;18,2;0,4;0,7;1,1;1,1;0,7;0,4;20,6;2;5;1;5;15,6;20,3;20,4;20,5;0,3;0,2;0,1;23;23;550,8;550,8;15,3;15,3;367,2;367,2;7,7;7,7;183,6;183,6
18.06.19;4056;17,2;0,3;0,7;1;1;0,7;0,3;21,3;2;5;1;5;16,3;21;21,1;21,2;0,3;0,2;0,1;21,7;21,7;521,1;521,1;14,5;14,5;347,4;347,4;7,2;7,2;173,7;173,7
19.06.19;4080;20,1;0,4;0,8;1,2;1,2;0,8;0,4;22;2;5;1;5;17;21,7;21,8;21,9;0,3;0,2;0,1;25,3;25,3;607,3;607,3;16,9;16,9;404,9;404,9;8,4;8,4;202,4;202,4
20.06.19;4104;21,8;0,4;0,9;1,3;1,3;0,9;0,4;22,3;2;5;1;5;17,3;22;22,1;22,2;0,3;0,2;0,1;27,5;27,5;659,9;659,9;18,3;18,3;440;440;9,2;9,2;220;220
21.06.19;4128;36;0,7;1,4;2,2;1,57854;1,05236;0,52618;21,3;2;5;1;5;16,3;21;21,1;21,2;0,3;0,2;0,1;45,3;33,1;1087;794,8;30,2;22,1;724,6;529,9;15,1;11;362,3;264,9
22.06.19;4152;34,5;0,7;1,4;2,1;1,57854;1,05236;0,52618;20,7;2;5;1;5;15,7;20,4;20,5;20,6;0,3;0,2;0,1;43,4;33,1;1041,2;794,8;28,9;22,1;694,1;529,9;14,5;11;347,1;264,9
23.06.19;4176;47,4;0,9;1,9;2,8;1,57854;1,05236;0,52618;19,7;2;5;1;5;14,7;19,4;19,5;19,6;0,3;0,2;0,1;59,7;33,1;1432,4;794,8;39,8;22,1;954,9;529,9;19,9;11;477,5;264,9
24.06.19;4200;77,3;1,5;3,1;4,6;1,57854;1,05236;0,52618;17,1;2;5;1;5;12,1;16,8;16,9;17;0,3;0,2;0,1;97,2;33,1;2333,9;794,8;64,8;22,1;1556;529,9;32,4;11;778;264,9
25.06.19;4224;67,5;1,3;2,7;4;1,57854;1,05236;0,52618;17,2;2;5;1;5;12,2;16,9;17;17,1;0,3;0,2;0,1;84,9;33,1;2038,6;794,8;56,6;22,1;1359;529,9;28,3;11;679,5;264,9
26.06.19;4248;40,9;0,8;1,6;2,5;1,57854;1,05236;0,52618;17;2;5;1;5;12;16,7;16,8;16,9;0,3;0,2;0,1;51,5;33,1;1236,9;794,8;34,4;22,1;824,6;529,9;17,2;11;412,3;264,9
27.06.19;4272;29,6;0,6;1,2;1,8;1,57854;1,05236;0,52618;18,1;2;5;1;5;13,1;17,8;17,9;18;0,3;0,2;0,1;37,3;33,1;894,7;794,8;24,9;22,1;596,4;529,9;12,4;11;298,2;264,9
28.06.19;4296;76,3;1,5;3,1;4,6;1,57854;1,05236;0,52618;18,9;2;5;1;5;13,9;18,6;18,7;18,8;0,3;0,2;0,1;96,1;33,1;2306,4;794,8;64,1;22,1;1537,6;529,9;32;11;768,8;264,9
29.06.19;4320;258;5,2;10,3;15,5;1,57854;1,05236;0,52618;17,3;2;5;1;5;12,3;17;17,1;17,2;0,3;0,2;0,1;324,8;33,1;7795,3;794,8;216,5;22,1;5196,9;529,9;108,3;11;2598,4;264,9
30.06.19;4344;157,7;3,2;6,3;9,5;1,57854;1,05236;0,52618;16;2;5;1;5;11;15,7;15,8;15,9;0,3;0,2;0,1;198,6;33,1;4765,8;794,8;132,4;22,1;3177,2;529,9;66,2;11;1588,6;264,9
01.07.19;4368;104,5;2,1;4,2;6,3;1,57854;1,05236;0,52618;15,1;2;5;1;5;10,1;14,8;14,9;15;0,3;0,2;0,1;131,6;33,1;3158;794,8;87,7;22,1;2105,3;529,9;43,9;11;1052,7;264,9
02.07.19;4392;66,5;1,3;2,7;4;1,57854;1,05236;0,52618;15;2;5;1;5;10;14,7;14,8;14,9;0,3;0,2;0,1;83,7;33,1;2008,7;794,8;55,8;22,1;1339,1;529,9;27,9;11;669,6;264,9
03.07.19;4416;47,4;0,9;1,9;2,8;1,57854;1,05236;0,52618;15,9;2;5;1;5;10,9;15,6;15,7;15,8;0,3;0,2;0,1;59,7;33,1;1433,3;794,8;39,8;22,1;955,5;529,9;19,9;11;477,8;264,9
04.07.19;4440;42,3;0,8;1,7;2,5;1,57854;1,05236;0,52618;16,6;2;5;1;5;11,6;16,3;16,4;16,5;0,3;0,2;0,1;53,2;33,1;1277,1;794,8;35,5;22,1;851,4;529,9;17,7;11;425,7;264,9
05.07.19;4464;39,5;0,8;1,6;2,4;1,57854;1,05236;0,52618;16,4;2;5;1;5;11,4;16,1;16,2;16,3;0,3;0,2;0,1;49,8;33,1;1194,8;794,8;33,2;22,1;796,5;529,9;16,6;11;398,3;264,9
06.07.19;4488;34,5;0,7;1,4;2,1;1,57854;1,05236;0,52618;16,3;2;5;1;5;11,3;16;16,1;16,2;0,3;0,2;0,1;43,5;33,1;1043,3;794,8;29;22,1;695,6;529,9;14,5;11;347,8;264,9
07.07.19;4512;56,1;1,1;2,2;3,4;1,57854;1,05236;0,52618;16,3;2;5;1;5;11,3;16;16,1;16,2;0,3;0,2;0,1;70,6;33,1;1694,9;794,8;47,1;22,1;1129,9;529,9;23,5;11;565;264,9
08.07.19;4536;55,4;1,1;2,2;3,3;1,57854;1,05236;0,52618;16,2;2;5;1;5;11,2;15,9;16;16,1;0,3;0,2;0,1;69,7;33,1;1673,4;794,8;46,5;22,1;1115,6;529,9;23,2;11;557,8;264,9
09.07.19;4560;87,3;1,7;3,5;5,2;1,57854;1,05236;0,52618;15,9;2;5;1;5;10,9;15,6;15,7;15,8;0,3;0,2;0,1;109,9;33,1;2637,8;794,8;73,3;22,1;1758,6;529,9;36,6;11;879,3;264,9
10.07.19;4584;65,3;1,3;2,6;3,9;1,57854;1,05236;0,52618;15,9;2;5;1;5;10,9;15,6;15,7;15,8;0,3;0,2;0,1;82,1;33,1;1971,6;794,8;54,8;22,1;1314,4;529,9;27,4;11;657,2;264,9
11.07.19;4608;61,2;1,2;2,4;3,7;1,57854;1,05236;0,52618;16,2;2;5;1;5;11,2;15,9;16;16,1;0,3;0,2;0,1;77,1;33,1;1850,4;794,8;51,4;22,1;1233,6;529,9;25,7;11;616,8;264,9
12.07.19;4632;47,8;1;1,9;2,9;1,57854;1,05236;0,52618;16,4;2;5;1;5;11,4;16,1;16,2;16,3;0,3;0,2;0,1;60,2;33,1;1444,5;794,8;40,1;22,1;963;529,9;20,1;11;481,5;264,9
13.07.19;4656;92,8;1,9;3,7;5,6;1,57854;1,05236;0,52618;16,5;2;5;1;5;11,5;16,2;16,3;16,4;0,3;0,2;0,1;116,9;33,1;2804,7;794,8;77,9;22,1;1869,8;529,9;39;11;934,9;264,9
14.07.19;4680;113,9;2,3;4,6;6,8;1,57854;1,05236;0,52618;15,5;2;5;1;5;10,5;15,2;15,3;15,4;0,3;0,2;0,1;143,4;33,1;3440,7;794,8;95,6;22,1;2293,8;529,9;47,8;11;1146,9;264,9
15.07.19;4704;75,2;1,5;3;4,5;1,57854;1,05236;0,52618;15,4;2;5;1;5;10,4;15,1;15,2;15,3;0,3;0,2;0,1;94,6;33,1;2270,9;794,8;63,1;22,1;1513,9;529,9;31,5;11;757;264,9
16.07.19;4728;79,5;1,6;3,2;4,8;1,57854;1,05236;0,52618;15,4;2;5;1;5;10,4;15,1;15,2;15,3;0,3;0,2;0,1;100,1;33,1;2402,8;794,8;66,7;22,1;1601,8;529,9;33,4;11;800,9;264,9
17.07.19;4752;71,6;1,4;2,9;4,3;1,57854;1,05236;0,52618;15,7;2;5;1;5;10,7;15,4;15,5;15,6;0,3;0,2;0,1;90,2;33,1;2163,6;794,8;60,1;22,1;1442,4;529,9;30,1;11;721,2;264,9
18.07.19;4776;57,1;1,1;2,3;3,4;1,57854;1,05236;0,52618;15,9;2;5;1;5;10,9;15,6;15,7;15,8;0,3;0,2;0,1;71,8;33,1;1724,3;794,8;47,9;22,1;1149,5;529,9;23,9;11;574,8;264,9
19.07.19;4800;46;0,9;1,8;2,8;1,57854;1,05236;0,52618;17;2;5;1;5;12;16,7;16,8;16,9;0,3;0,2;0,1;57,8;33,1;1388,4;794,8;38,6;22,1;925,6;529,9;19,3;11;462,8;264,9
20.07.19;4824;40,1;0,8;1,6;2,4;1,57854;1,05236;0,52618;17,5;2;5;1;5;12,5;17,2;17,3;17,4;0,3;0,2;0,1;50,5;33,1;1211;794,8;33,6;22,1;807,3;529,9;16,8;11;403,7;264,9
21.07.19;4848;35,7;0,7;1,4;2,1;1,57854;1,05236;0,52618;17,6;2;5;1;5;12,6;17,3;17,4;17,5;0,3;0,2;0,1;44,9;33,1;1077,5;794,8;29,9;22,1;718,3;529,9;15;11;359,2;264,9
22.07.19;4872;33;0,7;1,3;2;1,57854;1,05236;0,52618;17,8;2;5;1;5;12,8;17,5;17,6;17,7;0,3;0,2;0,1;41,6;33,1;997,4;794,8;27,7;22,1;664,9;529,9;13,9;11;332,5;264,9
23.07.19;4896;30,7;0,6;1,2;1,8;1,57854;1,05236;0,52618;18,2;2;5;1;5;13,2;17,9;18;18,1;0,3;0,2;0,1;38,6;33,1;926,9;794,8;25,7;22,1;617,9;529,9;12,9;11;309;264,9
24.07.19;4920;29,2;0,6;1,2;1,8;1,57854;1,05236;0,52618;18,4;2;5;1;5;13,4;18,1;18,2;18,3;0,3;0,2;0,1;36,8;33,1;882,3;794,8;24,5;22,1;588,2;529,9;12,3;11;294,1;264,9
25.07.19;4944;31,9;0,6;1,3;1,9;1,57854;1,05236;0,52618;18;2;5;1;5;13;17,7;17,8;17,9;0,3;0,2;0,1;40,2;33,1;964,8;794,8;26,8;22,1;643,2;529,9;13,4;11;321,6;264,9
26.07.19;4968;36,3;0,7;1,5;2,2;1,57854;1,05236;0,52618;17,6;2;5;1;5;12,6;17,3;17,4;17,5;0,3;0,2;0,1;45,6;33,1;1095,3;794,8;30,4;22,1;730,2;529,9;15,2;11;365,1;264,9
27.07.19;4992;42,4;0,8;1,7;2,5;1,57854;1,05236;0,52618;17,3;2;5;1;5;12,3;17;17,1;17,2;0,3;0,2;0,1;53,3;33,1;1279,4;794,8;35,5;22,1;853;529,9;17,8;11;426,5;264,9
28.07.19;5016;32,3;0,6;1,3;1,9;1,57854;1,05236;0,52618;17,5;2;5;1;5;12,5;17,2;17,3;17,4;0,3;0,2;0,1;40,6;33,1;975,1;794,8;27,1;22,1;650;529,9;13,5;11;325;264,9
29.07.19;5040;29;0,6;1,2;1,7;1,57854;1,05236;0,52618;17,6;2;5;1;5;12,6;17,3;17,4;17,5;0,3;0,2;0,1;36,5;33,1;876,1;794,8;24,3;22,1;584,1;529,9;12,2;11;292;264,9
30.07.19;5064;26,5;0,5;1,1;1,6;1,57854;1,05236;0,52618;18,1;2;5;1;5;13,1;17,8;17,9;18;0,3;0,2;0,1;33,3;33,1;800,2;794,8;22,2;22,1;533,5;529,9;11,1;11;266,7;264,9
31.07.19;5088;26,4;0,5;1,1;1,6;1,57854;1,05236;0,52618;18,4;2;5;1;5;13,4;18,1;18,2;18,3;0,3;0,2;0,1;33,3;33,1;798,8;794,8;22,2;22,1;532,6;529,9;11,1;11;266,3;264,9
01.08.19;5112;45,2;0,9;1,8;2,7;1,57854;1,05236;0,52618;17,8;2;5;1;5;12,8;17,5;17,6;17,7;0,3;0,2;0,1;56,9;33,1;1366,4;794,8;38;22,1;910,9;529,9;19;11;455,5;264,9
02.08.19;5136;52,4;1;2,1;3,1;1,57854;1,05236;0,52618;16,9;2;5;1;5;11,9;16,6;16,7;16,8;0,3;0,2;0,1;66;33,1;1584;794,8;44;22,1;1056;529,9;22;11;528;264,9
03.08.19;5160;38,9;0,8;1,6;2,3;1,57854;1,05236;0,52618;16,4;2;5;1;5;11,4;16,1;16,2;16,3;0,3;0,2;0,1;49;33,1;1176,3;794,8;32,7;22,1;784,2;529,9;16,3;11;392,1;264,9
04.08.19;5184;31,9;0,6;1,3;1,9;1,57854;1,05236;0,52618;16,1;2;5;1;5;11,1;15,8;15,9;16;0,3;0,2;0,1;40,2;33,1;964,1;794,8;26,8;22,1;642,7;529,9;13,4;11;321,4;264,9
05.08.19;5208;30,9;0,6;1,2;1,9;1,57854;1,05236;0,52618;16,2;2;5;1;5;11,2;15,9;16;16,1;0,3;0,2;0,1;39;33,1;934,9;794,8;26;22,1;623,3;529,9;13;11;311,6;264,9
06.08.19;5232;38,7;0,8;1,5;2,3;1,57854;1,05236;0,52618;16,5;2;5;1;5;11,5;16,2;16,3;16,4;0,3;0,2;0,1;48,7;33,1;1169,8;794,8;32,5;22,1;779,9;529,9;16,2;11;389,9;264,9
07.08.19;5256;32,2;0,6;1,3;1,9;1,57854;1,05236;0,52618;16,4;2;5;1;5;11,4;16,1;16,2;16,3;0,3;0,2;0,1;40,5;33,1;972,9;794,8;27;22,1;648,6;529,9;13,5;11;324,3;264,9
08.08.19;5280;38,2;0,8;1,5;2,3;1,57854;1,05236;0,52618;16;2;5;1;5;11;15,7;15,8;15,9;0,3;0,2;0,1;48,1;33,1;1155,5;794,8;32,1;22,1;770,4;529,9;16;11;385,2;264,9
09.08.19;5304;31,4;0,6;1,3;1,9;1,57854;1,05236;0,52618;16,2;2;5;1;5;11,2;15,9;16;16,1;0,3;0,2;0,1;39,6;33,1;949,7;794,8;26,4;22,1;633,1;529,9;13,2;11;316,6;264,9
10.08.19;5328;28,2;0,6;1,1;1,7;1,57854;1,05236;0,52618;16,6;2;5;1;5;11,6;16,3;16,4;16,5;0,3;0,2;0,1;35,5;33,1;852,4;794,8;23,7;22,1;568,3;529,9;11,8;11;284,1;264,9
11.08.19;5352;26,5;0,5;1,1;1,6;1,57854;1,05236;0,52618;17,1;2;5;1;5;12,1;16,8;16,9;17;0,3;0,2;0,1;33,4;33,1;802,1;794,8;22,3;22,1;534,7;529,9;11,1;11;267,4;264,9
12.08.19;5376;24,7;0,5;1;1,5;1,5;1;0,5;18;2;5;1;5;13;17,7;17,8;17,9;0,3;0,2;0,1;31,1;31,1;746,1;746,1;20,7;20,7;497,4;497,4;10,4;10,4;248,7;248,7
13.08.19;5400;23,6;0,5;0,9;1,4;1,4;0,9;0,5;18,9;2;5;1;5;13,9;18,6;18,7;18,8;0,3;0,2;0,1;29,6;29,6;711,5;711,5;19,8;19,8;474,3;474,3;9,9;9,9;237,2;237,2
14.08.19;5424;22,5;0,5;0,9;1,4;1,4;0,9;0,5;19,7;2;5;1;5;14,7;19,4;19,5;19,6;0,3;0,2;0,1;28,3;28,3;680,2;680,2;18,9;18,9;453,5;453,5;9,4;9,4;226,7;226,7
15.08.19;5448;29,6;0,6;1,2;1,8;1,57854;1,05236;0,52618;20;2;5;1;5;15;19,7;19,8;19,9;0,3;0,2;0,1;37,3;33,1;895,6;794,8;24,9;22,1;597;529,9;12,4;11;298,5;264,9
16.08.19;5472;42,9;0,9;1,7;2,6;1,57854;1,05236;0,52618;19,6;2;5;1;5;14,6;19,3;19,4;19,5;0,3;0,2;0,1;54;33,1;1296,2;794,8;36;22,1;864,1;529,9;18;11;432,1;264,9
17.08.19;5496;32,4;0,6;1,3;1,9;1,57854;1,05236;0,52618;18,4;2;5;1;5;13,4;18,1;18,2;18,3;0,3;0,2;0,1;40,8;33,1;980;794,8;27,2;22,1;653,3;529,9;13,6;11;326,7;264,9
18.08.19;5520;27;0,5;1,1;1,6;1,57854;1,05236;0,52618;17,4;2;5;1;5;12,4;17,1;17,2;17,3;0,3;0,2;0,1;34;33,1;815,3;794,8;22,6;22,1;543,5;529,9;11,3;11;271,8;264,9
19.08.19;5544;24,2;0,5;1;1,5;1,5;1;0,5;17,5;2;5;1;5;12,5;17,2;17,3;17,4;0,3;0,2;0,1;30,5;30,5;732,1;732,1;20,3;20,3;488,1;488,1;10,2;10,2;244;244
20.08.19;5568;22,4;0,4;0,9;1,3;1,3;0,9;0,4;17,8;2;5;1;5;12,8;17,5;17,6;17,7;0,3;0,2;0,1;28,2;28,2;675,9;675,9;18,8;18,8;450,6;450,6;9,4;9,4;225,3;225,3
21.08.19;5592;21,9;0,4;0,9;1,3;1,3;0,9;0,4;18,2;2;5;1;5;13,2;17,9;18;18,1;0,3;0,2;0,1;27,6;27,6;662;662;18,4;18,4;441,3;441,3;9,2;9,2;220,7;220,7
22.08.19;5616;24,1;0,5;1;1,4;1,4;1;0,5;18,2;2;5;1;5;13,2;17,9;18;18,1;0,3;0,2;0,1;30,4;30,4;729,5;729,5;20,3;20,3;486,4;486,4;10,1;10,1;243,2;243,2
23.08.19;5640;27,5;0,6;1,1;1,7;1,57854;1,05236;0,52618;17,6;2;5;1;5;12,6;17,3;17,4;17,5;0,3;0,2;0,1;34,6;33,1;831;794,8;23,1;22,1;554;529,9;11,5;11;277;264,9
24.08.19;5664;24,9;0,5;1;1,5;1,5;1;0,5;17,3;2;5;1;5;12,3;17;17,1;17,2;0,3;0,2;0,1;31,4;31,4;753,1;753,1;20,9;20,9;502,1;502,1;10,5;10,5;251;251
25.08.19;5688;21,7;0,4;0,9;1,3;1,3;0,9;0,4;17,1;2;5;1;5;12,1;16,8;16,9;17;0,3;0,2;0,1;27,3;27,3;656,2;656,2;18,2;18,2;437,5;437,5;9,1;9,1;218,7;218,7
26.08.19;5712;20,8;0,4;0,8;1,2;1,2;0,8;0,4;16,6;2;5;1;5;11,6;16,3;16,4;16,5;0,3;0,2;0,1;26,2;26,2;629,1;629,1;17,5;17,5;419,4;419,4;8,7;8,7;209,7;209,7
27.08.19;5736;21,3;0,4;0,9;1,3;1,3;0,9;0,4;16,1;2;5;1;5;11,1;15,8;15,9;16;0,3;0,2;0,1;26,9;26,9;644,6;644,6;17,9;17,9;429,7;429,7;9;9;214,9;214,9
28.08.19;5760;21,7;0,4;0,9;1,3;1,3;0,9;0,4;15,9;2;5;1;5;10,9;15,6;15,7;15,8;0,3;0,2;0,1;27,3;27,3;654,5;654,5;18,2;18,2;436,4;436,4;9,1;9,1;218,2;218,2
29.08.19;5784;29,4;0,6;1,2;1,8;1,57854;1,05236;0,52618;15,5;2;5;1;5;10,5;15,2;15,3;15,4;0,3;0,2;0,1;37;33,1;888,6;794,8;24,7;22,1;592,4;529,9;12,3;11;296,2;264,9
30.08.19;5808;51,3;1;2,1;3,1;1,57854;1,05236;0,52618;15,1;2;5;1;5;10,1;14,8;14,9;15;0,3;0,2;0,1;64,5;33,1;1548,6;794,8;43;22,1;1032,4;529,9;21,5;11;516,2;264,9
31.08.19;5832;54,5;1,1;2,2;3,3;1,57854;1,05236;0,52618;14,9;2;5;1;5;9,9;14,6;14,7;14,8;0,3;0,2;0,1;68,6;33,1;1645,3;794,8;45,7;22,1;1096,9;529,9;22,9;11;548,4;264,9
01.09.19;5856;37,4;0,7;1,5;2,2;1,57854;1,05236;0,52618;14,9;2;5;1;5;9,9;14,6;14,7;14,8;0,3;0,2;0,1;47,1;33,1;1130,2;794,8;31,4;22,1;753,4;529,9;15,7;11;376,7;264,9
02.09.19;5880;31,2;0,6;1,2;1,9;1,57854;1,05236;0,52618;15,2;2;5;1;5;10,2;14,9;15;15,1;0,3;0,2;0,1;39,3;33,1;942,2;794,8;26,2;22,1;628,1;529,9;13,1;11;314,1;264,9
03.09.19;5904;28,1;0,6;1,1;1,7;1,57854;1,05236;0,52618;15,5;2;5;1;5;10,5;15,2;15,3;15,4;0,3;0,2;0,1;35,4;33,1;848,8;794,8;23,6;22,1;565,9;529,9;11,8;11;282,9;264,9
04.09.19;5928;25,9;0,5;1;1,6;1,6;1;0,5;15,8;2;5;1;5;10,8;15,5;15,6;15,7;0,3;0,2;0,1;32,6;32,6;783,3;783,3;21,8;21,8;522,2;522,2;10,9;10,9;261,1;261,1
05.09.19;5952;24,5;0,5;1;1,5;1,5;1;0,5;16;2;5;1;5;11;15,7;15,8;15,9;0,3;0,2;0,1;30,8;30,8;739,9;739,9;20,6;20,6;493,3;493,3;10,3;10,3;246,6;246,6
06.09.19;5976;24,6;0,5;1;1,5;1,5;1;0,5;16,3;2;5;1;5;11,3;16;16,1;16,2;0,3;0,2;0,1;31;31;744,7;744,7;20,7;20,7;496,5;496,5;10,3;10,3;248,2;248,2
07.09.19;6000;23,5;0,5;0,9;1,4;1,4;0,9;0,5;16,3;2;5;1;5;11,3;16;16,1;16,2;0,3;0,2;0,1;29,6;29,6;710,3;710,3;19,7;19,7;473,6;473,6;9,9;9,9;236,8;236,8
08.09.19;6024;21,8;0,4;0,9;1,3;1,3;0,9;0,4;16,4;2;5;1;5;11,4;16,1;16,2;16,3;0,3;0,2;0,1;27,5;27,5;659,7;659,7;18,3;18,3;439,8;439,8;9,2;9,2;219,9;219,9
09.09.19;6048;21,6;0,4;0,9;1,3;1,3;0,9;0,4;16,7;2;5;1;5;11,7;16,4;16,5;16,6;0,3;0,2;0,1;27,2;27,2;652,1;652,1;18,1;18,1;434,7;434,7;9,1;9,1;217,4;217,4
10.09.19;6072;20,9;0,4;0,8;1,3;1,3;0,8;0,4;17,1;2;5;1;5;12,1;16,8;16,9;17;0,3;0,2;0,1;26,3;26,3;630,5;630,5;17,5;17,5;420,4;420,4;8,8;8,8;210,2;210,2
11.09.19;6096;23,5;0,5;0,9;1,4;1,4;0,9;0,5;17,3;2;5;1;5;12,3;17;17,1;17,2;0,3;0,2;0,1;29,6;29,6;711,2;711,2;19,8;19,8;474,2;474,2;9,9;9,9;237,1;237,1
12.09.19;6120;27,2;0,5;1,1;1,6;1,57854;1,05236;0,52618;17,4;2;5;1;5;12,4;17,1;17,2;17,3;0,3;0,2;0,1;34,3;33,1;822,4;794,8;22,8;22,1;548,3;529,9;11,4;11;274,1;264,9
13.09.19;6144;21,7;0,4;0,9;1,3;1,3;0,9;0,4;17,4;2;5;1;5;12,4;17,1;17,2;17,3;0,3;0,2;0,1;27,4;27,4;656,9;656,9;18,2;18,2;438;438;9,1;9,1;219;219
14.09.19;6168;20,1;0,4;0,8;1,2;1,2;0,8;0,4;17,5;2;5;1;5;12,5;17,2;17,3;17,4;0,3;0,2;0,1;25,3;25,3;606,2;606,2;16,8;16,8;404,1;404,1;8,4;8,4;202,1;202,1
15.09.19;6192;21,2;0,4;0,8;1,3;1,3;0,8;0,4;17,5;2;5;1;5;12,5;17,2;17,3;17,4;0,3;0,2;0,1;26,7;26,7;640,3;640,3;17,8;17,8;426,9;426,9;8,9;8,9;213,4;213,4
16.09.19;6216;24,3;0,5;1;1,5;1,5;1;0,5;17,1;2;5;1;5;12,1;16,8;16,9;17;0,3;0,2;0,1;30,6;30,6;734,6;734,6;20,4;20,4;489,7;489,7;10,2;10,2;244,9;244,9
17.09.19;6240;24,7;0,5;1;1,5;1,5;1;0,5;16,7;2;5;1;5;11,7;16,4;16,5;16,6;0,3;0,2;0,1;31;31;745,1;745,1;20,7;20,7;496,7;496,7;10,3;10,3;248,4;248,4
18.09.19;6264;20,4;0,4;0,8;1,2;1,2;0,8;0,4;16,3;2;5;1;5;11,3;16;16,1;16,2;0,3;0,2;0,1;25,7;25,7;616;616;17,1;17,1;410,7;410,7;8,6;8,6;205,3;205,3
19.09.19;6288;18,8;0,4;0,8;1,1;1,1;0,8;0,4;15,9;2;5;1;5;10,9;15,6;15,7;15,8;0,3;0,2;0,1;23,7;23,7;568,7;568,7;15,8;15,8;379,1;379,1;7,9;7,9;189,6;189,6
20.09.19;6312;30;0,6;1,2;1,8;1,57854;1,05236;0,52618;15,6;2;5;1;5;10,6;15,3;15,4;15,5;0,3;0,2;0,1;37,7;33,1;905,1;794,8;25,1;22,1;603,4;529,9;12,6;11;301,7;264,9
21.09.19;6336;29,5;0,6;1,2;1,8;1,57854;1,05236;0,52618;15,1;2;5;1;5;10,1;14,8;14,9;15;0,3;0,2;0,1;37,1;33,1;889,7;794,8;24,7;22,1;593,1;529,9;12,4;11;296,6;264,9
22.09.19;6360;22,6;0,5;0,9;1,4;1,4;0,9;0,5;14,3;2;5;1;5;9,3;14;14,1;14,2;0,3;0,2;0,1;28,5;28,5;683,5;683,5;19;19;455,7;455,7;9,5;9,5;227,8;227,8
23.09.19;6384;20,1;0,4;0,8;1,2;1,2;0,8;0,4;14,1;2;5;1;5;9,1;13,8;13,9;14;0,3;0,2;0,1;25,3;25,3;606;606;16,8;16,8;404;404;8,4;8,4;202;202
24.09.19;6408;19,6;0,4;0,8;1,2;1,2;0,8;0,4;14,3;2;5;1;5;9,3;14;14,1;14,2;0,3;0,2;0,1;24,7;24,7;591,7;591,7;16,4;16,4;394,5;394,5;8,2;8,2;197,2;197,2
25.09.19;6432;18,5;0,4;0,7;1,1;1,1;0,7;0,4;14,4;2;5;1;5;9,4;14,1;14,2;14,3;0,3;0,2;0,1;23,2;23,2;557,6;557,6;15,5;15,5;371,7;371,7;7,7;7,7;185,9;185,9
26.09.19;6456;18,3;0,4;0,7;1,1;1,1;0,7;0,4;14,7;2;5;1;5;9,7;14,4;14,5;14,6;0,3;0,2;0,1;23;23;553,1;553,1;15,4;15,4;368,8;368,8;7,7;7,7;184,4;184,4
27.09.19;6480;21,6;0,4;0,9;1,3;1,3;0,9;0,4;15,1;2;5;1;5;10,1;14,8;14,9;15;0,3;0,2;0,1;27,2;27,2;652,9;652,9;18,1;18,1;435,3;435,3;9,1;9,1;217,6;217,6
28.09.19;6504;19,5;0,4;0,8;1,2;1,2;0,8;0,4;15,2;2;5;1;5;10,2;14,9;15;15,1;0,3;0,2;0,1;24,6;24,6;590,3;590,3;16,4;16,4;393,5;393,5;8,2;8,2;196,8;196,8
29.09.19;6528;18,3;0,4;0,7;1,1;1,1;0,7;0,4;15;2;5;1;5;10;14,7;14,8;14,9;0,3;0,2;0,1;23;23;552,9;552,9;15,4;15,4;368,6;368,6;7,7;7,7;184,3;184,3
30.09.19;6552;18,7;0,4;0,7;1,1;1,1;0,7;0,4;14,5;2;5;1;5;9,5;14,2;14,3;14,4;0,3;0,2;0,1;23,6;23,6;566;566;15,7;15,7;377,3;377,3;7,9;7,9;188,7;188,7
01.10.19;6576;17,2;0,3;0,7;1;1;0,7;0,3;13,9;2;5;1;5;8,9;13,6;13,7;13,8;0,3;0,2;0,1;21,7;21,7;520,1;520,1;14,4;14,4;346,8;346,8;7,2;7,2;173,4;173,4
02.10.19;6600;16,7;0,3;0,7;1;1;0,7;0,3;13,9;2;5;1;5;8,9;13,6;13,7;13,8;0,3;0,2;0,1;21;21;504,3;504,3;14;14;336,2;336,2;7;7;168,1;168,1
03.10.19;6624;16,3;0,3;0,7;1;1;0,7;0,3;14;2;5;1;5;9;13,7;13,8;13,9;0,3;0,2;0,1;20,5;20,5;492,9;492,9;13,7;13,7;328,6;328,6;6,8;6,8;164,3;164,3
04.10.19;6648;18,6;0,4;0,7;1,1;1,1;0,7;0,4;14,1;2;5;1;5;9,1;13,8;13,9;14;0,3;0,2;0,1;23,4;23,4;562;562;15,6;15,6;374,7;374,7;7,8;7,8;187,3;187,3
05.10.19;6672;22,3;0,4;0,9;1,3;1,3;0,9;0,4;13,9;2;5;1;5;8,9;13,6;13,7;13,8;0,3;0,2;0,1;28,1;28,1;674,4;674,4;18,7;18,7;449,6;449,6;9,4;9,4;224,8;224,8
06.10.19;6696;20,1;0,4;0,8;1,2;1,2;0,8;0,4;13,8;2;5;1;5;8,8;13,5;13,6;13,7;0,3;0,2;0,1;25,3;25,3;606,8;606,8;16,9;16,9;404,5;404,5;8,4;8,4;202,3;202,3
07.10.19;6720;16;0,3;0,6;1;1;0,6;0,3;13,5;2;5;1;5;8,5;13,2;13,3;13,4;0,3;0,2;0,1;20,2;20,2;484,7;484,7;13,5;13,5;323,1;323,1;6,7;6,7;161,6;161,6
08.10.19;6744;14,8;0,3;0,6;0,9;0,9;0,6;0,3;13;2;5;1;5;8;12,7;12,8;12,9;0,3;0,2;0,1;18,6;18,6;445,7;445,7;12,4;12,4;297,1;297,1;6,2;6,2;148,6;148,6
09.10.19;6768;13,6;0,3;0,5;0,8;0,8;0,5;0,3;12,5;2;5;1;5;7,5;12,2;12,3;12,4;0,3;0,2;0,1;17,1;17,1;411,4;411,4;11,4;11,4;274,2;274,2;5,7;5,7;137,1;137,1
10.10.19;6792;13,9;0,3;0,6;0,8;0,8;0,6;0,3;11,9;2;5;1;5;6,9;11,6;11,7;11,8;0,3;0,2;0,1;17,5;17,5;419,4;419,4;11,6;11,6;279,6;279,6;5,8;5,8;139,8;139,8
11.10.19;6816;13,7;0,3;0,5;0,8;0,8;0,5;0,3;11,4;2;5;1;5;6,4;11,1;11,2;11,3;0,3;0,2;0,1;17,3;17,3;415;415;11,5;11,5;276,7;276,7;5,8;5,8;138,3;138,3
12.10.19;6840;15,5;0,3;0,6;0,9;0,9;0,6;0,3;11,2;2;5;1;5;6,2;10,9;11;11,1;0,3;0,2;0,1;19,6;19,6;469,6;469,6;13;13;313,1;313,1;6,5;6,5;156,5;156,5
13.10.19;6864;18;0,4;0,7;1,1;1,1;0,7;0,4;11,3;2;5;1;5;6,3;11;11,1;11,2;0,3;0,2;0,1;22,7;22,7;544,6;544,6;15,1;15,1;363,1;363,1;7,6;7,6;181,5;181,5
14.10.19;6888;15,4;0,3;0,6;0,9;0,9;0,6;0,3;11;2;5;1;5;6;10,7;10,8;10,9;0,3;0,2;0,1;19,4;19,4;465,9;465,9;12,9;12,9;310,6;310,6;6,5;6,5;155,3;155,3
15.10.19;6912;13,8;0,3;0,6;0,8;0,8;0,6;0,3;10,6;2;5;1;5;5,6;10,3;10,4;10,5;0,3;0,2;0,1;17,4;17,4;416,7;416,7;11,6;11,6;277,8;277,8;5,8;5,8;138,9;138,9
16.10.19;6936;13,4;0,3;0,5;0,8;0,8;0,5;0,3;10,7;2;5;1;5;5,7;10,4;10,5;10,6;0,3;0,2;0,1;16,9;16,9;405,5;405,5;11,3;11,3;270,3;270,3;5,6;5,6;135,2;135,2
17.10.19;6960;12,7;0,3;0,5;0,8;0,8;0,5;0,3;10,7;2;5;1;5;5,7;10,4;10,5;10,6;0,3;0,2;0,1;16;16;385;385;10,7;10,7;256,7;256,7;5,3;5,3;128,3;128,3
18.10.19;6984;12,6;0,3;0,5;0,8;0,8;0,5;0,3;10,8;2;5;1;5;5,8;10,5;10,6;10,7;0,3;0,2;0,1;15,8;15,8;379,3;379,3;10,5;10,5;252,9;252,9;5,3;5,3;126,4;126,4
19.10.19;7008;12,5;0,3;0,5;0,8;0,8;0,5;0,3;10,6;2;5;1;5;5,6;10,3;10,4;10,5;0,3;0,2;0,1;15,8;15,8;378,5;378,5;10,5;10,5;252,3;252,3;5,3;5,3;126,2;126,2
20.10.19;7032;12,1;0,2;0,5;0,7;0,7;0,5;0,2;10,7;2;5;1;5;5,7;10,4;10,5;10,6;0,3;0,2;0,1;15,3;15,3;366,6;366,6;10,2;10,2;244,4;244,4;5,1;5,1;122,2;122,2
21.10.19;7056;18,9;0,4;0,8;1,1;1,1;0,8;0,4;11,4;2;5;1;5;6,4;11,1;11,2;11,3;0,3;0,2;0,1;23,7;23,7;570;570;15,8;15,8;380;380;7,9;7,9;190;190
22.10.19;7080;18,3;0,4;0,7;1,1;1,1;0,7;0,4;11,4;2;5;1;5;6,4;11,1;11,2;11,3;0,3;0,2;0,1;23;23;551,4;551,4;15,3;15,3;367,6;367,6;7,7;7,7;183,8;183,8
23.10.19;7104;14,7;0,3;0,6;0,9;0,9;0,6;0,3;11;2;5;1;5;6;10,7;10,8;10,9;0,3;0,2;0,1;18,5;18,5;443,4;443,4;12,3;12,3;295,6;295,6;6,2;6,2;147,8;147,8
24.10.19;7128;12,6;0,3;0,5;0,8;0,8;0,5;0,3;10,1;2;5;1;5;5,1;9,8;9,9;10;0,3;0,2;0,1;15,8;15,8;380,4;380,4;10,6;10,6;253,6;253,6;5,3;5,3;126,8;126,8
25.10.19;7152;13,1;0,3;0,5;0,8;0,8;0,5;0,3;9,7;2;5;1;5;4,7;9,4;9,5;9,6;0,3;0,2;0,1;16,5;16,5;394,9;394,9;11;11;263,3;263,3;5,5;5,5;131,6;131,6
26.10.19;7176;11,8;0,2;0,5;0,7;0,7;0,5;0,2;9,7;2;5;1;5;4,7;9,4;9,5;9,6;0,3;0,2;0,1;14,9;14,9;356,5;356,5;9,9;9,9;237,7;237,7;5;5;118,8;118,8
27.10.19;7200;12,5;0,2;0,5;0,7;0,7;0,5;0,2;9,8;2;5;1;5;4,8;9,5;9,6;9,7;0,3;0,2;0,1;15,7;15,7;376,5;376,5;10,5;10,5;251;251;5,2;5,2;125,5;125,5
28.10.19;7224;11,8;0,2;0,5;0,7;0,7;0,5;0,2;9,6;2;5;1;5;4,6;9,3;9,4;9,5;0,3;0,2;0,1;14,8;14,8;355,7;355,7;9,9;9,9;237,1;237,1;4,9;4,9;118,6;118,6
29.10.19;7248;12;0,2;0,5;0,7;0,7;0,5;0,2;9,5;2;5;1;5;4,5;9,2;9,3;9,4;0,3;0,2;0,1;15,2;15,2;363,8;363,8;10,1;10,1;242,5;242,5;5,1;5,1;121,3;121,3
30.10.19;7272;12,1;0,2;0,5;0,7;0,7;0,5;0,2;9,1;2;5;1;5;4,1;8,8;8,9;9;0,3;0,2;0,1;15,2;15,2;365,8;365,8;10,2;10,2;243,9;243,9;5,1;5,1;121,9;121,9
31.10.19;7296;11,5;0,2;0,5;0,7;0,7;0,5;0,2;9,2;2;5;1;5;4,2;8,9;9;9,1;0,3;0,2;0,1;14,5;14,5;348,7;348,7;9,7;9,7;232,5;232,5;4,8;4,8;116,2;116,2
01.11.19;7320;17,2;0,3;0,7;1;1;0,7;0,3;9,6;2;5;1;5;4,6;9,3;9,4;9,5;0,3;0,2;0,1;21,7;21,7;519,7;519,7;14,4;14,4;346,4;346,4;7,2;7,2;173,2;173,2
02.11.19;7344;20,7;0,4;0,8;1,2;1,2;0,8;0,4;9,6;2;5;1;5;4,6;9,3;9,4;9,5;0,3;0,2;0,1;26,1;26,1;625,6;625,6;17,4;17,4;417,1;417,1;8,7;8,7;208,5;208,5
03.11.19;7368;18,2;0,4;0,7;1,1;1,1;0,7;0,4;9,3;2;5;1;5;4,3;9;9,1;9,2;0,3;0,2;0,1;22,9;22,9;550;550;15,3;15,3;366,7;366,7;7,6;7,6;183,3;183,3
04.11.19;7392;17,7;0,4;0,7;1,1;1,1;0,7;0,4;9,1;2;5;1;5;4,1;8,8;8,9;9;0,3;0,2;0,1;22,3;22,3;534,3;534,3;14,8;14,8;356,2;356,2;7,4;7,4;178,1;178,1
05.11.19;7416;16,3;0,3;0,7;1;1;0,7;0,3;9,1;2;5;1;5;4,1;8,8;8,9;9;0,3;0,2;0,1;20,5;20,5;493;493;13,7;13,7;328,7;328,7;6,8;6,8;164,3;164,3
06.11.19;7440;15;0,3;0,6;0,9;0,9;0,6;0,3;8,8;2;5;1;5;3,8;8,5;8,6;8,7;0,3;0,2;0,1;18,9;18,9;453,7;453,7;12,6;12,6;302,4;302,4;6,3;6,3;151,2;151,2
07.11.19;7464;13,9;0,3;0,6;0,8;0,8;0,6;0,3;8,4;2;5;1;5;3,4;8,1;8,2;8,3;0,3;0,2;0,1;17,5;17,5;421,2;421,2;11,7;11,7;280,8;280,8;5,8;5,8;140,4;140,4
08.11.19;7488;13,5;0,3;0,5;0,8;0,8;0,5;0,3;8,3;2;5;1;5;3,3;8;8,1;8,2;0,3;0,2;0,1;17;17;409;409;11,4;11,4;272,7;272,7;5,7;5,7;136,3;136,3
09.11.19;7512;13,3;0,3;0,5;0,8;0,8;0,5;0,3;7,9;2;5;1;5;2,9;7,6;7,7;7,8;0,3;0,2;0,1;16,7;16,7;401,3;401,3;11,1;11,1;267,6;267,6;5,6;5,6;133,8;133,8
10.11.19;7536;12,8;0,3;0,5;0,8;0,8;0,5;0,3;7,3;2;5;1;5;2,3;7;7,1;7,2;0,3;0,2;0,1;16,1;16,1;386,3;386,3;10,7;10,7;257,5;257,5;5,4;5,4;128,8;128,8
11.11.19;7560;13;0,3;0,5;0,8;0,8;0,5;0,3;6,8;2;5;1;4,8;2;6,51;6,61;6,7;0,29;0,19;0,1;15,7;15,7;377,2;377,2;10,5;10,5;251,4;251,4;5,2;5,2;125,7;125,7
12.11.19;7584;12,7;0,3;0,5;0,8;0,8;0,5;0,3;6,6;2;5;1;4,6;2;6,32;6,42;6,51;0,28;0,18;0,09;14,7;14,7;352,4;352,4;9,8;9,8;234,9;234,9;4,9;4,9;117,5;117,5
13.11.19;7608;12;0,2;0,5;0,7;0,7;0,5;0,2;6,6;2;5;1;4,6;2;6,32;6,42;6,51;0,28;0,18;0,09;13,9;13,9;332,8;332,8;9,2;9,2;221,9;221,9;4,6;4,6;110,9;110,9
14.11.19;7632;12,7;0,3;0,5;0,8;0,8;0,5;0,3;7;2;5;1;5;2;6,7;6,8;6,9;0,3;0,2;0,1;16;16;384,4;384,4;10,7;10,7;256,3;256,3;5,3;5,3;128,1;128,1
15.11.19;7656;12;0,2;0,5;0,7;0,7;0,5;0,2;7,5;2;5;1;5;2,5;7,2;7,3;7,4;0,3;0,2;0,1;15,2;15,2;363,7;363,7;10,1;10,1;242,5;242,5;5,1;5,1;121,2;121,2
16.11.19;7680;11,7;0,2;0,5;0,7;0,7;0,5;0,2;7,6;2;5;1;5;2,6;7,3;7,4;7,5;0,3;0,2;0,1;14,7;14,7;352,3;352,3;9,8;9,8;234,8;234,8;4,9;4,9;117,4;117,4
17.11.19;7704;11,3;0,2;0,5;0,7;0,7;0,5;0,2;7,6;2;5;1;5;2,6;7,3;7,4;7,5;0,3;0,2;0,1;14,2;14,2;340,2;340,2;9,5;9,5;226,8;226,8;4,7;4,7;113,4;113,4
18.11.19;7728;11,7;0,2;0,5;0,7;0,7;0,5;0,2;7,6;2;5;1;5;2,6;7,3;7,4;7,5;0,3;0,2;0,1;14,7;14,7;353,7;353,7;9,8;9,8;235,8;235,8;4,9;4,9;117,9;117,9
19.11.19;7752;11,1;0,2;0,4;0,7;0,7;0,4;0,2;7,4;2;5;1;5;2,4;7,1;7,2;7,3;0,3;0,2;0,1;14;14;335,3;335,3;9,3;9,3;223,5;223,5;4,7;4,7;111,8;111,8
20.11.19;7776;10,9;0,2;0,4;0,7;0,7;0,4;0,2;7,5;2;5;1;5;2,5;7,2;7,3;7,4;0,3;0,2;0,1;13,7;13,7;328,6;328,6;9,1;9,1;219,1;219,1;4,6;4,6;109,5;109,5
21.11.19;7800;11,1;0,2;0,4;0,7;0,7;0,4;0,2;7,2;2;5;1;5;2,2;6,9;7;7,1;0,3;0,2;0,1;14;14;336,2;336,2;9,3;9,3;224,1;224,1;4,7;4,7;112,1;112,1
22.11.19;7824;11,7;0,2;0,5;0,7;0,7;0,5;0,2;7,1;2;5;1;5;2,1;6,8;6,9;7;0,3;0,2;0,1;14,8;14,8;355;355;9,9;9,9;236,6;236,6;4,9;4,9;118,3;118,3
23.11.19;7848;12,7;0,3;0,5;0,8;0,8;0,5;0,3;6,6;2;5;1;4,6;2;6,32;6,42;6,51;0,28;0,18;0,09;14,7;14,7;353,3;353,3;9,8;9,8;235,5;235,5;4,9;4,9;117,8;117,8
24.11.19;7872;11,6;0,2;0,5;0,7;0,7;0,5;0,2;5,7;2;5;1;3,7;2;5,48;5,55;5,63;0,22;0,15;0,07;10,8;10,8;258,9;258,9;7,2;7,2;172,6;172,6;3,6;3,6;86,3;86,3
25.11.19;7896;11;0,2;0,4;0,7;0,7;0,4;0,2;5,3;2;5;1;3,3;2;5,1;5,17;5,23;0,2;0,13;0,07;9,2;9,2;220,3;220,3;6,1;6,1;146,8;146,8;3,1;3,1;73,4;73,4
26.11.19;7920;11,1;0,2;0,4;0,7;0,7;0,4;0,2;5,1;2;5;1;3,1;2;4,91;4,98;5,04;0,19;0,12;0,06;8,6;8,6;207,4;207,4;5,8;5,8;138,2;138,2;2,9;2,9;69,1;69,1
27.11.19;7944;11,2;0,2;0,4;0,7;0,7;0,4;0,2;5;2;5;1;3;2;4,82;4,88;4,94;0,18;0,12;0,06;8,5;8,5;203,6;203,6;5,7;5,7;135,7;135,7;2,8;2,8;67,9;67,9
28.11.19;7968;12,5;0,3;0,5;0,8;0,8;0,5;0,3;4,9;2;5;1;2,9;2;4,73;4,78;4,84;0,17;0,12;0,06;9,1;9,1;219,5;219,5;6,1;6,1;146,3;146,3;3;3;73,2;73,2
29.11.19;7992;12,5;0,2;0,5;0,7;0,7;0,5;0,2;4,8;2;5;1;2,8;2;4,63;4,69;4,74;0,17;0,11;0,06;8,8;8,8;211,4;211,4;5,9;5,9;140,9;140,9;2,9;2,9;70,5;70,5
30.11.19;8016;13,3;0,3;0,5;0,8;0,8;0,5;0,3;4,6;2;5;1;2,6;2;4,44;4,5;4,55;0,16;0,1;0,05;8,7;8,7;209,3;209,3;5,8;5,8;139,6;139,6;2,9;2,9;69,8;69,8
01.12.19;8040;15,2;0,3;0,6;0,9;0,9;0,6;0,3;5,1;2;5;1;3,1;2;4,91;4,98;5,04;0,19;0,12;0,06;11,8;11,8;284;284;7,9;7,9;189,3;189,3;3,9;3,9;94,7;94,7
02.12.19;8064;27,1;0,5;1,1;1,6;1,57854;1,05236;0,52618;5,7;2;5;1;3,7;2;5,48;5,55;5,63;0,22;0,15;0,07;25,2;24,5;604,8;588,2;16,8;16,3;403,2;392,1;8,4;8,2;201,6;196,1
03.12.19;8088;29,7;0,6;1,2;1,8;1,57854;1,05236;0,52618;5,4;2;5;1;3,4;2;5,2;5,26;5,33;0,2;0,14;0,07;25,5;22,5;611;540,5;17;15;407,3;360,3;8,5;7,5;203,7;180,2
04.12.19;8112;26,2;0,5;1;1,6;1,6;1;0,5;5,4;2;5;1;3,4;2;5,2;5,26;5,33;0,2;0,14;0,07;22,4;22,4;537,7;537,7;14,9;14,9;358,5;358,5;7,5;7,5;179,2;179,2
05.12.19;8136;55,3;1,1;2,2;3,3;1,57854;1,05236;0,52618;5,8;2;5;1;3,8;2;5,57;5,65;5,72;0,23;0,15;0,08;52,9;25,2;1268,9;604,1;35,2;16,8;845,9;402,7;17,6;8,4;423;201,4
06.12.19;8160;38,8;0,8;1,6;2,3;1,57854;1,05236;0,52618;5,7;2;5;1;3,7;2;5,48;5,55;5,63;0,22;0,15;0,07;36,1;24,5;867,5;588,2;24,1;16,3;578,3;392,1;12;8,2;289,2;196,1
07.12.19;8184;30;0,6;1,2;1,8;1,57854;1,05236;0,52618;5,2;2;5;1;3,2;2;5,01;5,07;5,14;0,19;0,13;0,06;24,1;21,2;579,4;508,7;16,1;14,1;386,3;339,1;8;7,1;193,1;169,6
08.12.19;8208;32,1;0,6;1,3;1,9;1,57854;1,05236;0,52618;5,1;2;5;1;3,1;2;4,91;4,98;5,04;0,19;0,12;0,06;25;20,5;600,6;492,8;16,7;13,7;400,4;328,5;8,3;6,8;200,2;164,3
09.12.19;8232;40,3;0,8;1,6;2,4;1,57854;1,05236;0,52618;5,4;2;5;1;3,4;2;5,2;5,26;5,33;0,2;0,14;0,07;34,5;22,5;827,3;540,5;23;15;551,6;360,3;11,5;7,5;275,8;180,2
10.12.19;8256;33,4;0,7;1,3;2;1,57854;1,05236;0,52618;5,1;2;5;1;3,1;2;4,91;4,98;5,04;0,19;0,12;0,06;26,1;20,5;625,6;492,8;17,4;13,7;417,1;328,5;8,7;6,8;208,5;164,3
11.12.19;8280;30,2;0,6;1,2;1,8;1,57854;1,05236;0,52618;5,1;2;5;1;3,1;2;4,91;4,98;5,04;0,19;0,12;0,06;23,5;20,5;564,9;492,8;15,7;13,7;376,6;328,5;7,8;6,8;188,3;164,3
12.12.19;8304;26,6;0,5;1,1;1,6;1,57854;1,05236;0,52618;5,2;2;5;1;3,2;2;5,01;5,07;5,14;0,19;0,13;0,06;21,5;21,2;515;508,7;14,3;14,1;343,3;339,1;7,2;7,1;171,7;169,6
13.12.19;8328;24,8;0,5;1;1,5;1,5;1;0,5;5,7;2;5;1;3,7;2;5,48;5,55;5,63;0,22;0,15;0,07;23,1;23,1;553,7;553,7;15,4;15,4;369,1;369,1;7,7;7,7;184,6;184,6
14.12.19;8352;25,6;0,5;1;1,5;1,5;1;0,5;6,2;2;5;1;4,2;2;5,95;6,03;6,12;0,25;0,17;0,08;27,1;27,1;649,5;649,5;18;18;433;433;9;9;216,5;216,5
15.12.19;8376;25,9;0,5;1;1,6;1,6;1;0,5;6,4;2;5;1;4,4;2;6,14;6,22;6,31;0,26;0,18;0,09;28,7;28,7;689,2;689,2;19,1;19,1;459,4;459,4;9,6;9,6;229,7;229,7
16.12.19;8400;25;0,5;1;1,5;1,5;1;0,5;6,6;2;5;1;4,6;2;6,32;6,42;6,51;0,28;0,18;0,09;28,9;28,9;694,8;694,8;19,3;19,3;463,2;463,2;9,6;9,6;231,6;231,6
17.12.19;8424;25,1;0,5;1;1,5;1,5;1;0,5;6,3;2;5;1;4,3;2;6,04;6,13;6,21;0,26;0,17;0,09;27,1;27,1;650,8;650,8;18,1;18,1;433,9;433,9;9;9;216,9;216,9
18.12.19;8448;23,9;0,5;1;1,4;1,4;1;0,5;6,1;2;5;1;4,1;2;5,85;5,94;6,02;0,25;0,16;0,08;24,6;24,6;591,1;591,1;16,4;16,4;394;394;8,2;8,2;197;197
19.12.19;8472;22,8;0,5;0,9;1,4;1,4;0,9;0,5;5,9;2;5;1;3,9;2;5,67;5,74;5,82;0,23;0,16;0,08;22,4;22,4;538;538;14,9;14,9;358,6;358,6;7,5;7,5;179,3;179,3
20.12.19;8496;22,2;0,4;0,9;1,3;1,3;0,9;0,4;5,6;2;5;1;3,6;2;5,38;5,46;5,53;0,22;0,14;0,07;20,1;20,1;482,4;482,4;13,4;13,4;321,6;321,6;6,7;6,7;160,8;160,8
21.12.19;8520;21,3;0,4;0,9;1,3;1,3;0,9;0,4;4,7;2;5;1;2,7;2;4,54;4,59;4,65;0,16;0,11;0,05;14,5;14,5;348;348;9,7;9,7;232;232;4,8;4,8;116;116
22.12.19;8544;19,6;0,4;0,8;1,2;1,2;0,8;0,4;3,5;2;5;1;1,5;2;3,41;3,44;3,47;0,09;0,06;0,03;7,4;7,4;177,7;177,7;4,9;4,9;118,5;118,5;2,5;2,5;59,2;59,2
23.12.19;8568;19,4;0,4;0,8;1,2;1,2;0,8;0,4;2,8;2;5;1;0,8;2;2,75;2,77;2,78;0,05;0,03;0,02;3,9;3,9;94;94;2,6;2,6;62,7;62,7;1,3;1,3;31,3;31,3
24.12.19;8592;19,6;0,4;0,8;1,2;1,2;0,8;0,4;3,4;2;5;1;1,4;2;3,32;3,34;3,37;0,08;0,06;0,03;6,9;6,9;166,1;166,1;4,6;4,6;110,7;110,7;2,3;2,3;55,4;55,4
25.12.19;8616;24,3;0,5;1;1,5;1,5;1;0,5;4,2;2;5;1;2,2;2;4,07;4,11;4,16;0,13;0,09;0,04;13,5;13,5;322,9;322,9;9;9;215,3;215,3;4,5;4,5;107,6;107,6
26.12.19;8640;30,5;0,6;1,2;1,8;1,57854;1,05236;0,52618;5,1;2;5;1;3,1;2;4,91;4,98;5,04;0,19;0,12;0,06;23,8;20,5;570,5;492,8;15,8;13,7;380,3;328,5;7,9;6,8;190,2;164,3
27.12.19;8664;31;0,6;1,2;1,9;1,57854;1,05236;0,52618;6,1;2;5;1;4,1;2;5,85;5,94;6,02;0,25;0,16;0,08;32;27,2;767,6;651,8;21,3;18,1;511,8;434,5;10,7;9,1;255,9;217,3
28.12.19;8688;36;0,7;1,4;2,2;1,57854;1,05236;0,52618;6,9;2;5;1;4,9;2;6,61;6,7;6,8;0,29;0,2;0,1;44,4;32,5;1066,7;778,9;29,6;21,6;711,2;519,3;14,8;10,8;355,6;259,6
29.12.19;8712;73,8;1,5;3;4,4;1,57854;1,05236;0,52618;7,5;2;5;1;5;2,5;7,2;7,3;7,4;0,3;0,2;0,1;92,9;33,1;2230,6;794,8;62;22,1;1487,1;529,9;31;11;743,5;264,9
30.12.19;8736;70,8;1,4;2,8;4,2;1,57854;1,05236;0,52618;8,2;2;5;1;5;3,2;7,9;8;8,1;0,3;0,2;0,1;89,1;33,1;2139,1;794,8;59,4;22,1;1426,1;529,9;29,7;11;713;264,9
31.12.19;8760;53,8;1,1;2,2;3,2;1,57854;1,05236;0,52618;8,6;2;5;1;5;3,6;8,3;8,4;8,5;0,3;0,2;0,1;67,7;33,1;1624,2;794,8;45,1;22,1;1082,8;529,9;22,6;11;541,4;264,9
